,seed,primary_length,Jv,k0,surface,length,axfold,radfold,delta,nude_length,integral_diff,0.01,0.02,0.03,0.045,0.06,0.08
6216,37813882,0.16,0.0181259779405,327.6558,0.0011569510278699997,4.345,1.0,1.0,0.001,0.005,-0.00176077770418,17,40,62,78,53,25
6217,24034489,0.16,0.019116799164900004,327.6558,0.00098191300857,3.6747,1.0,1.0,0.001,0.01,-0.00387109562503,15,36,53,60,43,25
6218,7505613,0.16,0.020584542631400003,327.6558,0.0011430113225899998,4.2849,1.0,1.0,0.001,0.015,-0.00210172051755,23,48,73,61,44,29
6219,25228385,0.16,0.020696572067400002,327.6558,0.00107520130808,4.0845,1.0,1.0,0.001,0.02,-0.00286442065359,18,52,72,63,41,25
6220,80573734,0.16,0.0195668735552,327.6558,0.0011062379878399998,4.1121,1.0,1.0,0.001,0.025,-0.00144765403602,16,48,59,61,57,26
6221,79288767,0.16,0.021689239069799998,327.6558,0.0009558863962660001,3.5485,1.0,1.0,0.001,0.03,-0.00401872332981,23,43,59,53,35,20
6222,49962637,0.16,0.0234256730187,327.6558,0.0011038110007,4.2271,1.0,1.0,0.001,0.035,-0.00399464043359,24,51,71,70,58,23
6223,128736,0.16,0.0172687080405,327.6558,0.00081598596611,2.955,1.0,1.0,0.00125,0.005,-0.00252178113057,14,35,42,44,40,19
6224,29268962,0.16,0.021439615668700004,327.6558,0.0009351032214830001,3.4877,1.0,1.0,0.00125,0.01,-0.00270204708466,22,45,48,57,46,20
6225,55278306,0.16,0.0211562749054,327.6558,0.00101667437314,3.9014,1.0,1.0,0.00125,0.015,-0.00304236572518,17,42,61,57,41,29
6226,78133182,0.16,0.0175877216365,327.6558,0.00096931502725,3.6943,1.0,1.0,0.00125,0.02,-0.00331232690359,13,35,56,61,53,23
6227,71476343,0.16,0.0173930971455,327.6558,0.0009014637573480001,3.3245,1.0,1.0,0.00125,0.025,-0.00226416656515,10,31,42,57,44,16
6228,30331479,0.16,0.016070362046,327.6558,0.0008654434874860001,3.1953,1.0,1.0,0.00125,0.03,-0.00317230603443,14,31,33,51,44,15
6229,80847209,0.16,0.0216151033095,327.6558,0.00127771911478,5.0029,1.0,1.0,0.00125,0.035,-0.0007290497960610001,21,54,71,78,66,25
6230,46679770,0.16,0.0131745759173,327.6558,0.000513331464376,1.7505,1.0,1.0,0.0015,0.005,-0.0042467783729,9,19,27,24,14,11
6231,56915705,0.16,0.0168593972189,327.6558,0.0006758223019060001,2.4392,1.0,1.0,0.0015,0.01,-0.00364441471632,12,25,33,46,21,18
6232,98755007,0.16,0.0199368574637,327.6558,0.000867838455513,3.2562,1.0,1.0,0.0015,0.015,-0.0012813561572,12,34,43,49,37,24
6233,43518278,0.16,0.0192164027431,327.6558,0.000869514840769,3.2394,1.0,1.0,0.0015,0.02,-0.000512695199975,12,29,36,50,40,22
6234,34288210,0.16,0.015366739083,327.6558,0.000519796862057,1.7802,1.0,1.0,0.0015,0.025,-0.00492278362862,14,21,22,25,19,5
6235,61095119,0.16,0.013492013739200002,327.6558,0.000465747061071,1.6095,1.0,1.0,0.0015,0.03,-0.00625705983448,8,19,17,17,15,12
6236,5956803,0.16,0.0138440028602,327.6558,0.000570205412644,1.9679,1.0,1.0,0.0015,0.035,-0.00332886623373,12,24,30,32,22,10
6237,2136488,0.16,0.0132830053013,327.6558,0.000526179133196,1.8033,1.0,1.0,0.00175,0.005,-0.0028621812824299996,8,18,27,28,18,10
6238,48312697,0.16,0.0117580817077,327.6558,0.0004413623519030001,1.4616,1.0,1.0,0.00175,0.01,-0.0041917471229,9,20,21,25,16,9
6239,31173830,0.16,0.0136968054916,327.6558,0.0005486017481059999,1.8326,1.0,1.0,0.00175,0.015,-0.000850442015855,8,25,28,31,16,11
6240,23850063,0.16,0.0164104133917,327.6558,0.0006666626806479999,2.3834,1.0,1.0,0.00175,0.02,-0.0008973889454760001,13,27,32,29,32,19
6241,63224790,0.16,0.0168312058861,327.6558,0.0007108801511410001,2.5753,1.0,1.0,0.00175,0.025,-0.000485521321206,12,27,35,37,36,16
6242,41501232,0.16,0.010891033675500001,327.6558,0.000378026084714,1.2218,1.0,1.0,0.00175,0.03,-0.004858403207770001,8,15,20,18,11,8
6243,19978281,0.16,0.0167820338609,327.6558,0.0006564550492140001,2.376,1.0,1.0,0.00175,0.035,-0.0016799118951300001,11,25,34,30,26,14
6244,36627949,0.16,0.0109850316279,327.6558,0.00043996767326000003,1.4781,1.0,1.0,0.002,0.005,-0.00296249582319,5,13,19,23,17,11
6245,45416167,0.16,0.0103270992734,327.6558,0.00047982838934400003,1.6814,1.0,1.0,0.002,0.01,-0.00350050165531,5,10,16,24,22,12
6246,25422086,0.16,0.0159337623102,327.6558,0.000512760662123,1.8063,1.0,1.0,0.002,0.015,-0.00361320140554,8,22,31,27,19,13
6247,37430610,0.16,0.0141576639081,327.6558,0.000497279421314,1.7336,1.0,1.0,0.002,0.02,-0.00293621455391,8,18,23,29,14,11
6248,46320703,0.16,0.009427898936049998,327.6558,0.000404832855005,1.3524,1.0,1.0,0.002,0.025,-0.00397990197319,4,9,13,19,18,11
6249,92962716,0.16,0.011310650625100001,327.6558,0.0004878116161,1.719,1.0,1.0,0.002,0.03,-0.0032992197834,5,13,20,24,28,10
6250,83317802,0.16,0.015330929979000001,327.6558,0.0005589248330709999,1.9978,1.0,1.0,0.002,0.035,-0.0019064455348,9,24,30,25,26,11
6251,68412648,0.16,0.011339175893700001,327.6558,0.000338722624335,1.0801,1.0,1.0,0.00225,0.005,-0.00403556668628,8,12,16,17,10,9
6252,25027285,0.16,0.010641068603,327.6558,0.00035372234695499994,1.1338,1.0,1.0,0.00225,0.01,-0.00381140903132,5,14,17,16,9,7
6253,9345942,0.16,0.011166880192799999,327.6558,0.00033885501104900003,1.0898,1.0,1.0,0.00225,0.015,-0.004843630839899999,5,14,18,14,8,5
6254,60249852,0.16,0.013412906939100001,327.6558,0.000511034708818,1.7812,1.0,1.0,0.00225,0.02,-0.0011834569426300001,10,21,20,30,27,9
6255,22702777,0.16,0.0141275374539,327.6558,0.000517161442811,1.8641,1.0,1.0,0.00225,0.025,-0.0035111664999,9,18,20,25,22,14
6256,40974360,0.16,0.009813417752780001,327.6558,0.000297424126957,0.9402,1.0,1.0,0.00225,0.03,-0.005977480134630001,7,10,13,13,11,3
6257,60215782,0.16,0.015324224910200001,327.6558,0.0005366158244340001,1.8899,1.0,1.0,0.00225,0.035,-0.0008830689187459999,10,18,33,24,22,14
6258,34043761,0.16,0.0116421219585,327.6558,0.000391861727876,1.3174,1.0,1.0,0.0025,0.005,-0.00222332928431,7,12,15,24,15,11
6259,56103453,0.16,0.0130974215744,327.6558,0.00040744087327900007,1.4006,1.0,1.0,0.0025,0.01,-0.00333866737823,6,13,19,22,16,8
6260,41991790,0.16,0.010592629098499999,327.6558,0.000361766841051,1.209,1.0,1.0,0.0025,0.015,-0.0036571634702699998,4,11,15,18,12,7
6261,52689247,0.16,0.00898593930197,327.6558,0.000343220693865,1.1485,1.0,1.0,0.0025,0.02,-0.004380585306100001,3,8,13,20,12,10
6262,41590303,0.16,0.0145292797445,327.6558,0.000477454664767,1.6451,1.0,1.0,0.0025,0.025,-0.00043597294137900005,11,15,25,19,18,16
6263,81251233,0.16,0.009011898545049999,327.6558,0.00032910765435500007,1.0792,1.0,1.0,0.0025,0.03,-0.00421438402397,4,6,11,17,11,9
6264,65586049,0.16,0.013352147887200001,327.6558,0.00047254404129000005,1.6335,1.0,1.0,0.0025,0.035,0.00034131040156200007,6,16,24,30,16,10
6265,26900626,0.16,0.00951982473551,327.6558,0.000291580638958,0.9004,1.0,1.0,0.00275,0.005,-0.0032723038887100004,5,12,11,10,9,8
6266,49239133,0.16,0.0110982488506,327.6558,0.000353497597417,1.1787,1.0,1.0,0.00275,0.01,-0.0032495120611599998,5,14,12,16,14,8
6267,50554124,0.16,0.009765847324200001,327.6558,0.000315955188215,1.0186,1.0,1.0,0.00275,0.015,-0.00326019967404,5,10,10,17,16,6
6268,37729323,0.16,0.0104208915565,327.6558,0.00032548703165400007,1.0477,1.0,1.0,0.00275,0.02,-0.0033755888805999997,6,11,12,14,12,7
6269,25668427,0.16,0.010671905624200001,327.6558,0.00031280253715599996,1.0143,1.0,1.0,0.00275,0.025,-0.00443397348196,5,11,11,19,11,6
6270,84506251,0.16,0.00899423707924,327.6558,0.00026530033676400004,0.8340000000000001,1.0,1.0,0.00275,0.03,-0.005676446970199999,4,9,12,16,6,5
6271,13426612,0.16,0.013398885647,327.6558,0.0004426585102,1.5430000000000001,1.0,1.0,0.00275,0.035,-0.00134712334259,7,15,18,20,16,11
6552,53836720,0.16,0.024051888358900004,327.6558,0.00106671378031,3.986,1.0,1.0,0.001,0.005,-0.0032505278552399995,22,51,65,58,41,23
6553,42705569,0.16,0.026075906331099998,327.6558,0.0015881262440899998,6.2979,1.0,1.0,0.001,0.01,-0.000984146100547,26,75,108,106,63,36
6554,7433361,0.16,0.0273064936602,327.6558,0.00126832981797,4.9196,1.0,1.0,0.001,0.015,-0.00271177489492,25,53,84,70,47,33
6555,14271669,0.16,0.0139157231581,327.6558,0.00071560604897,2.4648,1.0,1.0,0.001,0.02,-0.00443290507346,11,28,34,32,30,14
6556,48389233,0.16,0.018509426268,327.6558,0.0008118635053979999,2.9111,1.0,1.0,0.001,0.025,-0.00433061864492,18,35,46,38,27,13
6557,73567035,0.16,0.026341969787400003,327.6558,0.00126807335719,4.959,1.0,1.0,0.001,0.03,-0.00282637687503,21,65,85,73,47,32
6558,74268691,0.16,0.018881388487,327.6558,0.000884475463127,3.1733,1.0,1.0,0.001,0.035,-0.00324106114381,14,39,53,51,36,20
6559,49744383,0.16,0.0231268634846,327.6558,0.00101075637913,3.9163,1.0,1.0,0.00125,0.005,-0.0029126572527600003,21,61,60,68,44,16
6560,87369779,0.16,0.0165416795108,327.6558,0.000866940996739,3.1972,1.0,1.0,0.00125,0.01,-0.00273407547086,10,31,43,51,39,24
6561,87008040,0.16,0.0152353934449,327.6558,0.0008028581300569999,2.888,1.0,1.0,0.00125,0.015,-0.00250241819194,12,24,40,45,36,18
6562,45088649,0.16,0.0267087516688,327.6558,0.0012178430668499998,4.8073,1.0,1.0,0.00125,0.02,-0.00216652652541,26,57,74,68,50,30
6563,24318216,0.16,0.021065008442000002,327.6558,0.000955534801783,3.6227,1.0,1.0,0.00125,0.025,-0.0034266305544299997,19,57,61,57,36,19
6564,63633134,0.16,0.0141658300874,327.6558,0.0006231416258480001,2.1579,1.0,1.0,0.00125,0.03,-0.0047394238781899994,11,24,40,37,19,13
6565,14892922,0.16,0.0164420162827,327.6558,0.0006991900963819999,2.5295,1.0,1.0,0.00125,0.035,-0.00501433431818,15,34,43,32,25,14
6566,86773115,0.16,0.0127034164108,327.6558,0.0005769568272030001,1.9939,1.0,1.0,0.0015,0.005,-0.00350137471511,6,13,22,26,28,15
6567,33936833,0.16,0.0207947844885,327.6558,0.0008997264126279999,3.4007,1.0,1.0,0.0015,0.01,-0.000703181346715,16,40,53,48,38,19
6568,48073646,0.16,0.011519248144700001,327.6558,0.000463652580098,1.6267,1.0,1.0,0.0015,0.015,-0.00707577032521,7,19,22,24,19,10
6569,49795571,0.16,0.016588006351999997,327.6558,0.0005935728992439999,2.0788,1.0,1.0,0.0015,0.02,-0.0038563075646900003,13,26,35,32,20,15
6570,35091914,0.16,0.0189629255473,327.6558,0.0007223820936160001,2.6242,1.0,1.0,0.0015,0.025,-0.0026251748130700003,14,36,43,47,19,15
6571,80615376,0.16,0.0159184300129,327.6558,0.000732820324234,2.7506,1.0,1.0,0.0015,0.03,-0.0035972290638100002,11,23,31,44,34,18
6572,16746580,0.16,0.0151702802061,327.6558,0.000526831830486,1.7972,1.0,1.0,0.0015,0.035,-0.00433699051792,15,21,28,21,20,7
6573,54438592,0.16,0.0122246879739,327.6558,0.00044349901189800003,1.4769999999999999,1.0,1.0,0.00175,0.005,-0.0039531995681,10,15,18,21,14,10
6574,25896917,0.16,0.0132709780416,327.6558,0.000440306336948,1.4759,1.0,1.0,0.00175,0.01,-0.004960081246439999,10,18,18,17,19,10
6575,65253644,0.16,0.00987916813615,327.6558,0.00030519491921700005,0.9328,1.0,1.0,0.00175,0.015,-0.006806039955909999,7,11,10,11,9,6
6576,76325820,0.16,0.0105625942895,327.6558,0.000470407381295,1.5911,1.0,1.0,0.00175,0.02,-0.0037872649071799998,6,10,16,24,23,11
6577,45932227,0.16,0.0129380672865,327.6558,0.0004953050120119999,1.6908,1.0,1.0,0.00175,0.025,-0.00357699439826,9,14,24,20,19,15
6578,82684087,0.16,0.0128944378825,327.6558,0.0005509776278159999,1.9782,1.0,1.0,0.00175,0.03,-0.0041047786348100005,6,16,27,29,27,16
6579,76644348,0.16,0.0116410819241,327.6558,0.00042052222004400005,1.3496,1.0,1.0,0.00175,0.035,-0.00386037180101,9,14,17,18,16,9
6580,13761659,0.16,0.011569475965499999,327.6558,0.000463036520062,1.5559,1.0,1.0,0.002,0.005,-0.0016867005698,7,14,18,21,17,12
6581,13114495,0.16,0.016472404162600002,327.6558,0.00055202502224,1.9905,1.0,1.0,0.002,0.01,-0.00340944857449,8,22,33,32,25,7
6582,54113434,0.16,0.0127079699579,327.6558,0.0004931661968840001,1.7134,1.0,1.0,0.002,0.015,-0.00244157658608,5,16,30,24,18,12
6583,14503791,0.16,0.011620910216,327.6558,0.000455678589625,1.5129,1.0,1.0,0.002,0.02,-0.0012849406286,5,12,22,23,17,12
6584,94686361,0.16,0.0128110129036,327.6558,0.000458641589019,1.5348,1.0,1.0,0.002,0.025,-0.00227188220859,8,12,21,18,19,12
6585,72117598,0.16,0.010611541224,327.6558,0.000362441397542,1.1905,1.0,1.0,0.002,0.03,-0.0049579227892,6,11,14,15,11,7
6586,81959066,0.16,0.0138665878514,327.6558,0.000485804264058,1.676,1.0,1.0,0.002,0.035,-0.002516225171,10,20,22,23,21,11
6587,49903509,0.16,0.0138123155771,327.6558,0.00044553099402699995,1.5196,1.0,1.0,0.00225,0.005,-0.0027126763238600003,7,21,25,25,15,8
6588,41494238,0.16,0.0105081822724,327.6558,0.00036982734470299996,1.1985,1.0,1.0,0.00225,0.01,-0.00355324680101,7,13,14,17,10,8
6589,14564130,0.16,0.00889056572316,327.6558,0.000270531151364,0.8131,1.0,1.0,0.00225,0.015,-0.005561615804380001,7,8,11,10,5,7
6590,67286771,0.16,0.012528671843399999,327.6558,0.00048942796552,1.7541,1.0,1.0,0.00225,0.02,-0.0033470644170799997,5,14,22,26,20,12
6591,63780595,0.16,0.0170243855688,327.6558,0.0005425113434909999,1.9784,1.0,1.0,0.00225,0.025,-0.0025726036152399997,9,22,33,26,21,11
6592,97114378,0.16,0.009864749494020001,327.6558,0.000330643955995,1.0604,1.0,1.0,0.00225,0.03,-0.00461745544967,6,12,16,14,12,7
6593,44749925,0.16,0.00856496878054,327.6558,0.000263228330746,0.8144,1.0,1.0,0.00225,0.035,-0.006947409944109999,5,8,11,9,6,4
6594,85403562,0.16,0.0107550113375,327.6558,0.00034539122022900004,1.1158,1.0,1.0,0.0025,0.005,-0.00302583075933,8,12,14,14,9,9
6595,32234787,0.16,0.011818079471799999,327.6558,0.000395950630095,1.3357,1.0,1.0,0.0025,0.01,-0.00234694716508,5,12,23,19,15,7
6596,47184379,0.16,0.00852957705071,327.6558,0.00027552490138300006,0.8604,1.0,1.0,0.0025,0.015,-0.005479241487319999,6,7,9,13,8,6
6597,64651782,0.16,0.011638408742799998,327.6558,0.00044335461801699996,1.5165,1.0,1.0,0.0025,0.02,-0.00102359639866,5,15,16,20,17,11
6598,96787573,0.16,0.009619303688389999,327.6558,0.000321909511603,1.0152,1.0,1.0,0.0025,0.025,-0.00320274441452,5,11,13,14,9,8
6599,23017155,0.16,0.010728573012700002,327.6558,0.00046936491288800006,1.5966,1.0,1.0,0.0025,0.03,0.0006995087326060001,4,9,14,24,19,13
6600,19907842,0.16,0.011878389786399999,327.6558,0.00033154295414799997,1.0878,1.0,1.0,0.0025,0.035,-0.00473145280004,6,15,18,13,9,6
6601,70391567,0.16,0.00931051926035,327.6558,0.000282990896324,0.9061,1.0,1.0,0.00275,0.005,-0.00481444487123,3,11,14,13,9,6
6602,70980473,0.16,0.00973504984069,327.6558,0.000314107931735,1.0321,1.0,1.0,0.00275,0.01,-0.0042679808448700006,4,8,14,11,10,8
6603,57281164,0.16,0.0145462436005,327.6558,0.000515044486885,1.8884,1.0,1.0,0.00275,0.015,-0.0014767970054799999,6,18,22,30,24,10
6604,42008133,0.16,0.0131717258607,327.6558,0.00044152706560500005,1.5592,1.0,1.0,0.00275,0.02,-0.00230736142243,6,13,18,18,21,13
6605,90550,0.16,0.00878237806698,327.6558,0.00025770503386900005,0.7862,1.0,1.0,0.00275,0.025,-0.005283118104579999,6,8,11,9,9,4
6606,57715919,0.16,0.0123285295099,327.6558,0.00036500231077599995,1.2456,1.0,1.0,0.00275,0.03,-0.00405784541107,7,18,15,12,15,12
6607,91036015,0.16,0.00928191362241,327.6558,0.00037538758670800003,1.2054,1.0,1.0,0.00275,0.035,0.000267643525406,5,8,9,16,18,12
6888,3898223,0.16,0.0195005903973,327.6558,0.0008646146850780001,3.1169,1.0,1.0,0.001,0.005,-0.0034231841052399996,17,45,61,50,25,20
6889,10624663,0.16,0.0171991579509,327.6558,0.0007119207722919999,2.4537,1.0,1.0,0.001,0.01,-0.00453908074285,19,31,33,39,28,14
6890,17725975,0.16,0.015461777689200002,327.6558,0.000895778209777,3.2514,1.0,1.0,0.001,0.015,-0.00325588106401,14,30,46,50,37,27
6891,13542737,0.16,0.0271765575691,327.6558,0.00126810168179,4.9562,1.0,1.0,0.001,0.02,-0.0038025250967199994,28,67,76,68,55,28
6892,60149870,0.16,0.0210410617301,327.6558,0.00126960904308,4.9691,1.0,1.0,0.001,0.025,-0.00283202770418,20,56,78,77,47,35
6893,82802607,0.16,0.0263774476732,327.6558,0.00120858584888,4.6067,1.0,1.0,0.001,0.03,-0.00195165812503,30,50,80,70,41,33
6894,65800234,0.16,0.028556066839200003,327.6558,0.00155465888268,6.2437,1.0,1.0,0.001,0.035,-0.00193626440359,27,68,104,89,79,38
6895,55268767,0.16,0.0169631063155,327.6558,0.0007708297814489998,2.7465,1.0,1.0,0.00125,0.005,-0.00311690575979,12,29,41,41,31,15
6896,29538805,0.16,0.0142930469864,327.6558,0.000674836482697,2.3704,1.0,1.0,0.00125,0.01,-0.00406577233542,10,19,31,36,32,16
6897,12642292,0.16,0.0161481658394,327.6558,0.000748469357507,2.7125,1.0,1.0,0.00125,0.015,-0.00407086608542,12,22,41,52,34,15
6898,54716024,0.16,0.026505799052499997,327.6558,0.0010726296191900001,4.1141,1.0,1.0,0.00125,0.02,-0.00266983858307,28,50,62,59,49,18
6899,31619563,0.16,0.0189818412755,327.6558,0.00106452724439,4.0651,1.0,1.0,0.00125,0.025,-0.00117351194194,16,41,65,69,45,27
6900,2998190,0.16,0.0217229355332,327.6558,0.000834557051259,3.1031,1.0,1.0,0.00125,0.03,-0.00436796863057,21,32,46,54,35,18
6901,90195926,0.16,0.0237616136468,327.6558,0.00108648157978,4.0533,1.0,1.0,0.00125,0.035,-0.00024880622869499997,22,52,64,61,40,26
6902,13101363,0.16,0.0159595535102,327.6558,0.000707018769345,2.5943,1.0,1.0,0.0015,0.005,-0.00291726813456,11,28,31,43,29,22
6903,70160181,0.16,0.0170600951223,327.6558,0.000744087665136,2.6546,1.0,1.0,0.0015,0.01,-0.0004942707902640001,14,23,36,47,31,19
6904,78875147,0.16,0.0140181249134,327.6558,0.0007139481362789999,2.5854,1.0,1.0,0.0015,0.015,-0.0018076349367,8,21,29,41,30,27
6905,27413346,0.16,0.016406681037600002,327.6558,0.000660413104099,2.2933,1.0,1.0,0.0015,0.02,-0.0014009439836199999,13,31,34,31,28,10
6906,31739941,0.16,0.0158185857936,327.6558,0.000620761743749,2.2381,1.0,1.0,0.0015,0.025,-0.00433335210653,11,24,33,35,24,15
6907,49609772,0.16,0.010695083955999999,327.6558,0.00043123015010800003,1.413,1.0,1.0,0.0015,0.03,-0.00570501204696,8,11,19,27,13,7
6908,10940659,0.16,0.0147895950913,327.6558,0.00058015288879,2.0549,1.0,1.0,0.0015,0.035,-0.0042166987884,12,22,27,23,24,14
6909,72629670,0.16,0.012603463268299999,327.6558,0.00047921571594499997,1.6426,1.0,1.0,0.00175,0.005,-0.00390845341461,9,18,24,24,19,12
6910,54812397,0.16,0.014543033811899999,327.6558,0.0005991796305369999,2.0939,1.0,1.0,0.00175,0.01,-0.00164812875898,11,16,27,30,18,19
6911,29179027,0.16,0.0133103010411,327.6558,0.000491087417592,1.7069,1.0,1.0,0.00175,0.015,-0.00462103713696,8,23,22,29,15,8
6912,14269844,0.16,0.0143011450765,327.6558,0.0005651152974119999,2.0123,1.0,1.0,0.00175,0.02,-0.0031279886271000003,9,18,25,28,26,15
6913,66714480,0.16,0.0173242114314,327.6558,0.0007138317591210001,2.6067,1.0,1.0,0.00175,0.025,-0.00132432283941,16,30,30,38,37,16
6914,35848457,0.16,0.013860411776600001,327.6558,0.000573017552759,1.9879,1.0,1.0,0.00175,0.03,-0.0015173142627900001,9,20,27,29,26,16
6915,85607119,0.16,0.015181418714700001,327.6558,0.00067437836309,2.386,1.0,1.0,0.00175,0.035,-0.000460942744623,9,23,31,37,29,17
6916,34111043,0.16,0.0142419001009,327.6558,0.0006032334348830001,2.1707,1.0,1.0,0.002,0.005,-0.0014157111656700001,8,20,31,32,22,17
6917,2476294,0.16,0.0146704509874,327.6558,0.00051396261034,1.7761,1.0,1.0,0.002,0.01,-0.00201790852114,8,23,31,33,14,12
6918,68450293,0.16,0.012130076292399998,327.6558,0.0005386354915190001,1.9588,1.0,1.0,0.002,0.015,-0.0027410660869,4,14,26,26,23,11
6919,75823706,0.16,0.0156835122096,327.6558,0.000502287949384,1.7899,1.0,1.0,0.002,0.02,-0.00404242702495,10,26,29,22,19,11
6920,15164776,0.16,0.009999132799969999,327.6558,0.00031766697922000004,1.0064,1.0,1.0,0.002,0.025,-0.00591524637991,6,11,13,17,7,9
6921,79647538,0.16,0.014000827261999998,327.6558,0.000500015823913,1.7635,1.0,1.0,0.002,0.03,-0.0035674723369000004,8,19,27,24,18,11
6922,87504922,0.16,0.010030165376,327.6558,0.00030273806809900006,0.9361,1.0,1.0,0.002,0.035,-0.005882013242439999,6,13,11,11,9,5
6923,37211925,0.16,0.011850309376999999,327.6558,0.00045292617746900003,1.53,1.0,1.0,0.00225,0.005,-0.00190772339172,5,13,20,22,20,8
6924,95132656,0.16,0.013366747975299999,327.6558,0.000501912340566,1.7483,1.0,1.0,0.00225,0.01,-0.0015702048020299999,8,16,22,30,20,11
6925,32966087,0.16,0.012640250455200001,327.6558,0.000356908864384,1.1797,1.0,1.0,0.00225,0.015,-0.00546542518178,8,15,20,16,12,7
6926,11606859,0.16,0.012976958393600002,327.6558,0.0005209135285990001,1.8672,1.0,1.0,0.00225,0.02,-0.0029163303288299997,7,16,18,27,22,18
6927,56745302,0.16,0.014336153149700001,327.6558,0.000498842816048,1.7629,1.0,1.0,0.00225,0.025,-0.00205355615731,8,18,26,27,19,8
6928,22481490,0.16,0.00820204975876,327.6558,0.00025855477185,0.7832,1.0,1.0,0.00225,0.03,-0.0062758808398999995,5,7,10,11,6,5
6929,87299003,0.16,0.011254157810799999,327.6558,0.000366680851165,1.1959,1.0,1.0,0.00225,0.035,-0.00324994206015,7,14,17,17,11,6
6930,25617692,0.16,0.009872219704700001,327.6558,0.00029866486756,0.9733,1.0,1.0,0.0025,0.005,-0.00525347997887,4,11,18,11,12,7
6931,12899161,0.16,0.013084003776,327.6558,0.000430612550692,1.5319,1.0,1.0,0.0025,0.01,-0.00348086881542,7,16,19,20,20,12
6932,55298407,0.16,0.009421652462139999,327.6558,0.000278412779014,0.8666,1.0,1.0,0.0025,0.015,-0.00521586405,5,13,12,9,11,3
6933,6188433,0.16,0.0141256981967,327.6558,0.00048306108818499995,1.6580000000000001,1.0,1.0,0.0025,0.02,0.00027677218251200003,7,16,25,27,20,10
6934,66902630,0.16,0.011535322465299999,327.6558,0.000403955408176,1.3239,1.0,1.0,0.0025,0.025,-0.000655625726893,5,14,18,18,14,7
6935,51716206,0.16,0.00871762395313,327.6558,0.000283637436092,0.8794,1.0,1.0,0.0025,0.03,-0.00484605947669,5,9,7,14,9,6
6936,46618365,0.16,0.0078017433581299995,327.6558,0.00026570365442900003,0.8039,1.0,1.0,0.0025,0.035,-0.004722105799970001,3,7,10,8,6,8
6937,55539840,0.16,0.0142253195765,327.6558,0.000584438523824,2.1218,1.0,1.0,0.00275,0.005,0.0026850235905799998,6,18,27,23,28,20
6938,35887782,0.16,0.0075675953469,327.6558,0.000287522832222,0.9144,1.0,1.0,0.00275,0.01,-0.004356269001100001,4,5,6,12,16,9
6939,21117136,0.16,0.011641012542700002,327.6558,0.000372542811729,1.2624,1.0,1.0,0.00275,0.015,-0.00275281312187,5,15,16,13,17,10
6940,45294879,0.16,0.011814903231500001,327.6558,0.00035188432675699994,1.1575,1.0,1.0,0.00275,0.02,-0.0025737732660700004,6,15,15,18,13,6
6941,38999963,0.16,0.0132054670673,327.6558,0.000449396378212,1.5706,1.0,1.0,0.00275,0.025,-0.0015632583651400001,7,13,18,22,18,15
6942,54828200,0.16,0.00884120662565,327.6558,0.000270023155832,0.8485,1.0,1.0,0.00275,0.03,-0.0054327727179999995,5,8,11,13,9,6
6943,28977331,0.16,0.009775637302599999,327.6558,0.0003619395595319999,1.1793,1.0,1.0,0.00275,0.035,-0.00127422951619,5,11,14,16,13,9
7224,90900304,0.16,0.0129796196172,327.6558,0.0007845395032939999,2.8177,1.0,1.0,0.001,0.005,-0.00486868062014,8,18,39,52,29,15
7225,30606616,0.16,0.022202508060499997,327.6558,0.001410439259,5.4971,1.0,1.0,0.001,0.01,-0.00126576543359,23,55,86,90,65,28
7226,2296798,0.16,0.028047432990700002,327.6558,0.00152689646504,6.0292,1.0,1.0,0.001,0.015,-0.000995835802055,27,68,89,102,72,39
7227,96108712,0.16,0.017168453054500002,327.6558,0.0008364443316299999,3.0735,1.0,1.0,0.001,0.02,-0.00532495688612,16,27,36,46,42,23
7228,55526004,0.16,0.0215000330329,327.6558,0.0011553867095,4.3871,1.0,1.0,0.001,0.025,-0.00217559434528,18,48,67,81,46,19
7229,20269559,0.16,0.0175181579144,327.6558,0.00100486547821,3.8101,1.0,1.0,0.001,0.03,-0.0038248196473,11,41,58,58,39,23
7230,39446035,0.16,0.017945973954,327.6558,0.0011156913228699999,4.2669,1.0,1.0,0.001,0.035,-0.0030492088569600002,14,40,60,66,46,33
7231,13871419,0.16,0.0187987171923,327.6558,0.00102786905529,3.8745,1.0,1.0,0.00125,0.005,-0.0014615890254100002,13,42,55,65,42,27
7232,87487918,0.16,0.0205958739459,327.6558,0.00115064049185,4.4034,1.0,1.0,0.00125,0.01,-0.000778499053132,16,48,78,71,46,28
7233,22445921,0.16,0.0165085808282,327.6558,0.00065179472899,2.3107,1.0,1.0,0.00125,0.015,-0.00490061603168,12,28,38,43,20,12
7234,80123927,0.16,0.022747139503200002,327.6558,0.0011871727596400002,4.6842,1.0,1.0,0.00125,0.02,-0.0020964051272,18,52,67,67,51,31
7235,22509299,0.16,0.0138616343289,327.6558,0.00066107195891,2.3357,1.0,1.0,0.00125,0.025,-0.004959660837800001,9,22,36,34,33,15
7236,93841628,0.16,0.023354441508400003,327.6558,0.00103722756449,4.0576,1.0,1.0,0.00125,0.03,-0.00378166829696,21,54,64,55,44,24
7237,63854063,0.16,0.0133581741068,327.6558,0.0006057466273250001,2.0834,1.0,1.0,0.00125,0.035,-0.00486819959799,11,19,35,30,25,7
7238,29340987,0.16,0.01635732034,327.6558,0.000778371513906,2.8927,1.0,1.0,0.0015,0.005,-0.0024320332260100003,10,30,42,46,34,15
7239,42036956,0.16,0.0129713806945,327.6558,0.000520418155986,1.8191,1.0,1.0,0.0015,0.01,-0.005313107180720001,9,20,23,22,18,18
7240,58155267,0.16,0.018335723537099998,327.6558,0.000750045375161,2.7681,1.0,1.0,0.0015,0.015,-0.00229127181818,17,29,33,39,33,20
7241,84115223,0.16,0.0160215193196,327.6558,0.000755558512126,2.7753,1.0,1.0,0.0015,0.02,-0.0024272817330300003,11,28,46,46,27,20
7242,76746749,0.16,0.0163031463555,327.6558,0.0007257810455399999,2.677,1.0,1.0,0.0015,0.025,-0.00278434572601,10,30,34,36,32,19
7243,25533172,0.16,0.0227803428566,327.6558,0.0010343661642,3.9835,1.0,1.0,0.0015,0.03,-0.00059962308954,15,41,64,64,50,24
7244,64639585,0.16,0.014378118977900001,327.6558,0.0006712081630940001,2.3862,1.0,1.0,0.0015,0.035,-0.00220343700979,9,18,32,38,34,17
7245,8868823,0.16,0.015046597843599999,327.6558,0.000617021049376,2.1814,1.0,1.0,0.00175,0.005,-0.00198060889725,11,23,32,38,19,16
7246,85940791,0.16,0.0160051562558,327.6558,0.000569594278625,2.0217,1.0,1.0,0.00175,0.01,-0.00358799474907,9,27,27,26,21,14
7247,18405126,0.16,0.0154155532873,327.6558,0.0006409965912339999,2.3152,1.0,1.0,0.00175,0.015,-0.0028942849084699998,9,25,27,31,29,14
7248,50778680,0.16,0.013975336104700002,327.6558,0.000520214649897,1.8328,1.0,1.0,0.00175,0.02,-0.00404697471055,8,19,26,24,15,16
7249,58102063,0.16,0.014653218058200001,327.6558,0.000642891260631,2.3027,1.0,1.0,0.00175,0.025,-0.00123338645811,8,23,40,35,26,15
7250,52942700,0.16,0.015048766336299998,327.6558,0.000638048985644,2.2656,1.0,1.0,0.00175,0.03,-0.0016892555778,9,21,27,42,24,13
7251,37877460,0.16,0.015598594512,327.6558,0.000467756568245,1.6364,1.0,1.0,0.00175,0.035,-0.006015883705909999,13,21,24,22,16,9
7252,67788540,0.16,0.00954035367661,327.6558,0.00033077942147,1.0483,1.0,1.0,0.002,0.005,-0.005088778749310001,6,9,12,16,13,4
7253,14344402,0.16,0.0107155011767,327.6558,0.000407514455662,1.3543,1.0,1.0,0.002,0.01,-0.00393098715638,4,13,23,20,15,8
7254,13933595,0.16,0.0114369986734,327.6558,0.00045780601333800003,1.5523,1.0,1.0,0.002,0.015,-0.00274700072689,6,13,22,20,18,15
7255,76414281,0.16,0.00998706280471,327.6558,0.00033919675349799994,1.0931,1.0,1.0,0.002,0.02,-0.00530727327332,5,12,16,16,10,8
7256,66313238,0.16,0.0140952361354,327.6558,0.000463643343816,1.5964,1.0,1.0,0.002,0.025,-0.0034366313874899996,9,19,25,24,15,10
7257,20074595,0.16,0.014372215195299999,327.6558,0.000456001551633,1.5764,1.0,1.0,0.002,0.03,-0.00424002941863,9,17,22,24,15,11
7258,34969962,0.16,0.0122816868262,327.6558,0.0004260947770930001,1.4058,1.0,1.0,0.002,0.035,-0.00263363768829,7,15,21,16,15,10
7259,52456111,0.16,0.0100858514991,327.6558,0.00038604317783899996,1.2919999999999998,1.0,1.0,0.00225,0.005,-0.00350321000968,4,12,14,20,21,9
7260,32526382,0.16,0.012518558221200002,327.6558,0.00043187976863699994,1.4416,1.0,1.0,0.00225,0.01,-0.00213442845772,8,17,17,21,13,9
7261,35080508,0.16,0.0075468736687600005,327.6558,0.000235079220746,0.6993,1.0,1.0,0.00225,0.015,-0.00718453297628,5,6,7,10,8,5
7262,22428938,0.16,0.012057814920299998,327.6558,0.0003662713759780001,1.1856,1.0,1.0,0.00225,0.02,-0.00389929302348,9,14,17,17,11,7
7263,30015997,0.16,0.0113267983996,327.6558,0.00037765663341800005,1.2461,1.0,1.0,0.00225,0.025,-0.0029026816853099996,8,13,16,14,14,10
7264,28232667,0.16,0.012930203541700002,327.6558,0.00047169430330900003,1.6248,1.0,1.0,0.00225,0.03,-0.00209582841461,8,16,17,25,18,8
7265,7112124,0.16,0.014471064467799999,327.6558,0.00045087880153699996,1.5862,1.0,1.0,0.00225,0.035,-0.00426186447238,8,17,22,19,16,10
7266,26615064,0.16,0.009959882905270001,327.6558,0.00036330652932699996,1.2126,1.0,1.0,0.0025,0.005,-0.00309394954997,4,11,12,18,13,8
7267,53262086,0.16,0.011471170460700002,327.6558,0.000392841081687,1.2995,1.0,1.0,0.0025,0.01,-0.0015381636750599998,8,12,18,20,17,8
7268,29820946,0.16,0.00907950170664,327.6558,0.000316275379338,0.9759,1.0,1.0,0.0025,0.015,-0.00254076144688,5,8,9,13,13,7
7269,52962209,0.16,0.008891381027580001,327.6558,0.000267381579065,0.8428,1.0,1.0,0.0025,0.02,-0.0062323829215,5,8,12,11,9,5
7270,42384285,0.16,0.011552043271500001,327.6558,0.000422491395452,1.4381,1.0,1.0,0.0025,0.025,-0.00152776478602,5,12,16,19,18,14
7271,34210099,0.16,0.0102237523015,327.6558,0.000343069218833,1.1308,1.0,1.0,0.0025,0.03,-0.00366836211847,5,9,12,18,13,8
7272,23507374,0.16,0.00995979903082,327.6558,0.000392902656903,1.3168,1.0,1.0,0.0025,0.035,-0.0016052926721700001,4,7,17,24,15,9
7273,91065501,0.16,0.008364533000010001,327.6558,0.00026981687885900004,0.8184,1.0,1.0,0.00275,0.005,-0.00404533118275,4,7,10,11,8,6
7274,63392181,0.16,0.00800463096945,327.6558,0.00026538962082799995,0.8177,1.0,1.0,0.00275,0.01,-0.00444281496657,3,7,10,9,12,7
7275,73892518,0.16,0.0120958526974,327.6558,0.0004651473184669999,1.6193,1.0,1.0,0.00275,0.015,0.00120059436205,5,13,20,19,20,14
7276,74915840,0.16,0.0106578284837,327.6558,0.00042114105096499995,1.4342,1.0,1.0,0.00275,0.02,-0.00026247302854799995,4,13,18,19,20,14
7277,87048172,0.16,0.0124154549447,327.6558,0.000419500071458,1.4448,1.0,1.0,0.00275,0.025,-0.00216256851184,5,16,19,20,19,8
7278,94102806,0.16,0.00762935075937,327.6558,0.000266488738433,0.8204,1.0,1.0,0.00275,0.03,-0.0049980186827500005,3,5,8,10,10,4
7279,86599813,0.16,0.011850084439100001,327.6558,0.00039923843875400004,1.3665,1.0,1.0,0.00275,0.035,-0.00202715651673,5,12,13,22,17,8
7560,56202400,0.16,0.0204724614645,327.6558,0.00101283885293,3.7443,1.0,1.0,0.001,0.005,-0.0026804626446799997,20,41,49,54,39,25
7561,67235178,0.16,0.0213109279704,327.6558,0.00103523468263,3.8756,1.0,1.0,0.001,0.01,-0.00325640393597,24,44,50,60,41,24
7562,37268717,0.16,0.0234082365302,327.6558,0.0013180028526000001,5.1978,1.0,1.0,0.001,0.015,-0.00321127176792,19,62,73,66,62,32
7563,13386592,0.16,0.0270302278056,327.6558,0.0014395587944000003,5.7213,1.0,1.0,0.001,0.02,-0.00245703174639,28,68,84,98,59,35
7564,97883339,0.16,0.0195480355487,327.6558,0.00115167865,4.3326,1.0,1.0,0.001,0.025,-0.00218418528602,24,34,44,63,61,34
7565,37941723,0.16,0.025491264301400002,327.6558,0.00133535936661,5.1779,1.0,1.0,0.001,0.03,-0.00145286413756,25,69,92,77,56,26
7566,32497754,0.16,0.021063074579699997,327.6558,0.000903440321782,3.3038,1.0,1.0,0.001,0.035,-0.00388715014468,19,40,60,43,36,20
7567,35571062,0.16,0.0195666447484,327.6558,0.0009470694410860001,3.5335,1.0,1.0,0.00125,0.005,-0.0026423217336799996,14,38,50,55,45,20
7568,38453429,0.16,0.023335202688700003,327.6558,0.00117066937024,4.4751,1.0,1.0,0.00125,0.01,-0.0008065630436689999,21,57,74,72,48,27
7569,61780367,0.16,0.0194906824289,327.6558,0.000902232216044,3.3347,1.0,1.0,0.00125,0.015,-0.0026259683720300003,18,37,40,44,41,23
7570,15974531,0.16,0.0156453634522,327.6558,0.000722813428004,2.572,1.0,1.0,0.00125,0.02,-0.00370020047086,9,31,39,50,23,14
7571,49669133,0.16,0.0205101569006,327.6558,0.000775912507655,2.8272,1.0,1.0,0.00125,0.025,-0.0040017488771999996,16,37,43,47,28,21
7572,51696070,0.16,0.0178271497531,327.6558,0.000840397152622,3.0662,1.0,1.0,0.00125,0.03,-0.0028314004199699997,13,34,49,45,36,13
7573,29392420,0.16,0.015857093794,327.6558,0.0009132554112140001,3.3619,1.0,1.0,0.00125,0.035,-0.0019783487793,8,30,42,56,38,28
7574,20963984,0.16,0.0140366270609,327.6558,0.000531203670823,1.8441,1.0,1.0,0.0015,0.005,-0.0046093405126599995,10,22,28,28,17,8
7575,90093896,0.16,0.0135909225678,327.6558,0.000611945404321,2.1663,1.0,1.0,0.0015,0.01,-0.00337196291997,9,22,31,39,23,11
7576,40305514,0.16,0.010690081373999998,327.6558,0.000450093717533,1.5145,1.0,1.0,0.0015,0.015,-0.0056996231575200005,6,13,16,19,17,13
7577,99496609,0.16,0.014009255844799999,327.6558,0.000591100962197,2.0616,1.0,1.0,0.0015,0.02,-0.0035589800384000004,8,24,34,29,21,12
7578,48967329,0.16,0.0150467065778,327.6558,0.0007111704782849999,2.5775,1.0,1.0,0.0015,0.025,-0.00153371825979,10,25,28,40,34,20
7579,4503935,0.16,0.0138386196914,327.6558,0.00058808316086,2.0741,1.0,1.0,0.0015,0.03,-0.00408825375898,11,16,26,35,24,16
7580,37868997,0.16,0.0127588236008,327.6558,0.000547511866783,1.9069999999999998,1.0,1.0,0.0015,0.035,-0.00426374931251,7,18,25,30,23,10
7581,75941204,0.16,0.0134059386451,327.6558,0.000467029980697,1.5411,1.0,1.0,0.00175,0.005,-0.0030872218931500004,11,15,19,18,22,9
7582,38765938,0.16,0.013133284375400001,327.6558,0.000437212182344,1.4276,1.0,1.0,0.00175,0.01,-0.0041815266149,10,20,24,14,11,7
7583,16970089,0.16,0.0175465814184,327.6558,0.000590634222059,2.1236,1.0,1.0,0.00175,0.015,-0.00352597998968,13,28,33,25,23,11
7584,20741795,0.16,0.014773283805200002,327.6558,0.0006010453595830001,2.0903,1.0,1.0,0.00175,0.02,-0.001665431433,9,24,29,27,21,12
7585,92418091,0.16,0.013758768234700002,327.6558,0.000605299899133,2.1258,1.0,1.0,0.00175,0.025,-0.00162679229785,8,25,33,32,25,13
7586,68556196,0.16,0.00961532883912,327.6558,0.000432991201286,1.4162,1.0,1.0,0.00175,0.03,-0.00366174196756,6,10,15,20,16,15
7587,98783852,0.16,0.0107402714303,327.6558,0.00042692912126999995,1.3987,1.0,1.0,0.00175,0.035,-0.0040501513045200005,6,11,17,23,16,11
7588,66262445,0.16,0.013014086529399999,327.6558,0.000592352170586,2.1281,1.0,1.0,0.002,0.005,-0.00116782561052,7,15,22,33,25,15
7589,11864025,0.16,0.011553648282399999,327.6558,0.00038041120070699994,1.2684,1.0,1.0,0.002,0.01,-0.0055298680408699995,7,14,19,17,12,10
7590,29516143,0.16,0.013319136231500002,327.6558,0.000408794296527,1.4205,1.0,1.0,0.002,0.015,-0.00619350475947,7,15,20,18,15,11
7591,45644806,0.16,0.0146389806354,327.6558,0.000544799786394,1.9654,1.0,1.0,0.002,0.02,-0.0029660685277600003,7,20,29,31,25,14
7592,41363681,0.16,0.0159021404248,327.6558,0.0005935716677389999,2.1195,1.0,1.0,0.002,0.025,-0.0010552902043099999,8,22,29,26,21,15
7593,66754039,0.16,0.012529276410100001,327.6558,0.00042484480020800003,1.4246,1.0,1.0,0.002,0.03,-0.0033475422029000004,8,18,25,20,14,11
7594,41881085,0.16,0.0132331654397,327.6558,0.00054892501799,1.9232,1.0,1.0,0.002,0.035,-8.63013616541e-05,8,15,28,25,25,13
7595,2122302,0.16,0.0114840966634,327.6558,0.000423934718515,1.4962,1.0,1.0,0.00225,0.005,-0.00447216405804,6,13,20,20,17,10
7596,67349895,0.16,0.00985296650064,327.6558,0.00031766390045999995,1.0090000000000001,1.0,1.0,0.00225,0.01,-0.00556268945632,6,12,11,15,11,5
7597,94519898,0.16,0.0128901527874,327.6558,0.000456805416078,1.5825,1.0,1.0,0.00225,0.015,-0.00394699953009,7,11,18,23,14,14
7598,94268715,0.16,0.0126546264596,327.6558,0.000468917261067,1.5868,1.0,1.0,0.00225,0.02,-0.00115853234886,7,17,23,20,20,7
7599,13667881,0.16,0.0129679484884,327.6558,0.00042555876483800004,1.4873,1.0,1.0,0.00225,0.025,-0.0042153899071799995,8,19,28,18,13,10
7600,81003649,0.16,0.011489515145900001,327.6558,0.0003963902771369999,1.4038,1.0,1.0,0.00225,0.03,-0.006410923885720001,7,10,13,26,20,9
7601,29310754,0.16,0.0142652735748,327.6558,0.000526357701323,1.8691,1.0,1.0,0.00225,0.035,-0.00189375454432,10,19,20,28,23,12
7602,69064369,0.16,0.012383202684899999,327.6558,0.000475614489437,1.6837,1.0,1.0,0.0025,0.005,-0.00117398113178,4,13,21,25,25,11
7603,54905156,0.16,0.00911810494426,327.6558,0.000303030550375,0.9555,1.0,1.0,0.0025,0.01,-0.00416226808383,5,7,12,17,6,9
7604,12165278,0.16,0.0120843713717,327.6558,0.000434783040072,1.4708,1.0,1.0,0.0025,0.015,-0.000997734514641,6,15,21,20,19,13
7605,50964363,0.16,0.0120972017218,327.6558,0.00040219189399,1.4081,1.0,1.0,0.0025,0.02,-0.0036526356465499997,6,14,22,15,16,9
7606,95927503,0.16,0.00991704018191,327.6558,0.00031534251481600003,1.0128,1.0,1.0,0.0025,0.025,-0.0045569142848,5,9,12,10,8,11
7607,2075472,0.16,0.0115825895509,327.6558,0.00039821967680499996,1.3092,1.0,1.0,0.0025,0.03,-0.00158225418132,7,12,18,18,12,10
7608,65508112,0.16,0.009012549048350001,327.6558,0.00026183365210299996,0.8048,1.0,1.0,0.0025,0.035,-0.00621055368081,4,9,11,10,6,4
7609,8406826,0.16,0.0125110674238,327.6558,0.00040263400404100003,1.3942,1.0,1.0,0.00275,0.005,-0.0032305625427899998,7,11,16,18,13,8
7610,11212088,0.16,0.00966378865019,327.6558,0.00030294434507200003,0.9554,1.0,1.0,0.00275,0.01,-0.00339622770431,4,10,12,17,10,6
7611,9496598,0.16,0.009411704675639999,327.6558,0.00033105343118099997,1.0629,1.0,1.0,0.00275,0.015,-0.00248543783842,4,8,15,16,13,6
7612,48869976,0.16,0.0108976998857,327.6558,0.0003738081824180001,1.2174,1.0,1.0,0.00275,0.02,-0.00114923987699,5,11,15,20,16,10
7613,96028352,0.16,0.00982519316994,327.6558,0.00036771500691699997,1.2690000000000001,1.0,1.0,0.00275,0.025,-0.0037007319016500004,3,8,14,17,17,13
7614,44410824,0.16,0.00968386467844,327.6558,0.00033492651226800003,1.09,1.0,1.0,0.00275,0.03,-0.00302521081805,3,9,11,17,12,11
7615,67839102,0.16,0.0115151430161,327.6558,0.000451519799536,1.5631,1.0,1.0,0.00275,0.035,0.000104295558315,4,13,17,21,19,10
7896,39531006,0.16,0.0214614148815,327.6558,0.00103496590681,3.8984,1.0,1.0,0.001,0.005,-0.00383813940359,21,47,70,61,38,19
7897,50088247,0.16,0.021732632919099996,327.6558,0.001126702203,4.2712,1.0,1.0,0.001,0.01,-0.0026374706250300002,20,49,67,73,53,22
7898,9257927,0.16,0.0277449848552,327.6558,0.0013261575663299997,5.1723,1.0,1.0,0.001,0.015,-0.00326618395418,27,57,81,84,51,35
7899,91298252,0.16,0.021461790295599997,327.6558,0.0012731573149,4.8973,1.0,1.0,0.001,0.02,-0.00181168395418,17,55,69,75,55,33
7900,88299688,0.16,0.021672901748099997,327.6558,0.00140381161062,5.481,1.0,1.0,0.001,0.025,-0.00156708426792,16,50,80,89,66,38
7901,21752291,0.16,0.017884035356400003,327.6558,0.000941007668946,3.4819,1.0,1.0,0.001,0.03,-0.0035750068575500006,16,42,50,55,40,20
7902,13933144,0.16,0.0187573873596,327.6558,0.0007954506315710001,2.8289,1.0,1.0,0.001,0.035,-0.00428498813612,19,35,54,44,28,14
7903,64342727,0.16,0.0178103049698,327.6558,0.000970930453042,3.637,1.0,1.0,0.00125,0.005,-0.00217535211307,15,32,42,55,46,30
7904,14430440,0.16,0.0156245747354,327.6558,0.000784336305081,2.8381,1.0,1.0,0.00125,0.01,-0.0033613006361199998,13,28,42,53,30,17
7905,33004160,0.16,0.0157576579172,327.6558,0.0007476981279260002,2.6666,1.0,1.0,0.00125,0.015,-0.0030873245681,12,35,38,43,25,15
7906,1260379,0.16,0.0169841798455,327.6558,0.000700744870586,2.4846,1.0,1.0,0.00125,0.02,-0.00398665116517,17,25,42,40,21,15
7907,92189500,0.16,0.0243353536545,327.6558,0.0011800799105,4.5203,1.0,1.0,0.00125,0.025,-0.0007672204161210001,22,63,76,59,57,33
7908,43792802,0.16,0.0249262081259,327.6558,0.0014441061241,5.8834,1.0,1.0,0.00125,0.03,-0.00115687351696,19,50,69,86,67,57
7909,73903086,0.16,0.0161166406004,327.6558,0.000777356754346,2.7452,1.0,1.0,0.00125,0.035,-0.00234714438612,13,43,39,36,31,19
7910,83069270,0.16,0.023010235190499998,327.6558,0.0007835207413449999,2.9719,1.0,1.0,0.0015,0.005,-0.00382921217219,24,44,49,45,28,15
7911,14139633,0.16,0.0124784259681,327.6558,0.00046440687649500006,1.5669,1.0,1.0,0.0015,0.01,-0.00549422189315,7,21,30,25,15,8
7912,59161812,0.16,0.0163320999208,327.6558,0.00067527766912,2.4225,1.0,1.0,0.0015,0.015,-0.00290465801279,11,24,27,31,35,15
7913,91461966,0.16,0.016200524637200002,327.6558,0.0005714726305889999,2.0333,1.0,1.0,0.0015,0.02,-0.00500866180443,11,23,27,25,21,17
7914,2863008,0.16,0.0165224542383,327.6558,0.0007802846558669999,2.8067,1.0,1.0,0.0015,0.025,7.14817406743e-05,11,29,43,44,27,17
7915,92278384,0.16,0.0169298177176,327.6558,0.000652260545499,2.3525,1.0,1.0,0.0015,0.03,-0.00376909099912,12,34,33,30,24,16
7916,2264364,0.16,0.016168348112200002,327.6558,0.000636411084898,2.2409,1.0,1.0,0.0015,0.035,-0.0030706266661199998,13,26,34,39,23,12
7917,61790324,0.16,0.011244365212600001,327.6558,0.000446063619645,1.4589,1.0,1.0,0.00175,0.005,-0.00372256218241,7,14,17,24,14,9
7918,57003269,0.16,0.0157437795643,327.6558,0.000673839272074,2.4461,1.0,1.0,0.00175,0.01,-0.00184033535687,9,23,32,36,33,15
7919,53373268,0.16,0.0150210409312,327.6558,0.000691977175578,2.4853,1.0,1.0,0.00175,0.015,-0.00016645887007499997,8,29,41,26,24,19
7920,99406872,0.16,0.013278533202200002,327.6558,0.000573310650787,2.0216,1.0,1.0,0.00175,0.02,-0.0030599346229,7,21,25,23,20,24
7921,74992061,0.16,0.0173661789637,327.6558,0.0007753728008860001,2.8598,1.0,1.0,0.00175,0.025,-7.98156431522e-05,15,24,31,39,40,28
7922,19437156,0.16,0.0117496621528,327.6558,0.000424536924128,1.4338,1.0,1.0,0.00175,0.03,-0.00542188148362,6,18,25,18,12,10
7923,18280804,0.16,0.012738212511100001,327.6558,0.000419764844887,1.3898,1.0,1.0,0.00175,0.035,-0.00505462408437,10,19,19,16,14,8
7924,9348527,0.16,0.0136845414388,327.6558,0.000518546885172,1.7864,1.0,1.0,0.002,0.005,-0.00156863748764,7,20,28,29,20,8
7925,38749541,0.16,0.00883838012013,327.6558,0.00034034205251599995,1.0784,1.0,1.0,0.002,0.01,-0.00487618330391,4,8,14,18,9,7
7926,92805297,0.16,0.0118016656095,327.6558,0.00039364771701599997,1.2885,1.0,1.0,0.002,0.015,-0.00419156440261,8,15,16,16,13,10
7927,26077798,0.16,0.0167407334792,327.6558,0.00061930241113,2.2357,1.0,1.0,0.002,0.02,-0.00123340416222,8,24,35,31,29,16
7928,97768465,0.16,0.0144291852529,327.6558,0.000491757663818,1.7263,1.0,1.0,0.002,0.025,-0.00375109782482,9,22,24,22,16,11
7929,66830676,0.16,0.0144021682366,327.6558,0.000556379005765,2.0127,1.0,1.0,0.002,0.03,-0.00291771783764,8,18,24,31,23,15
7930,39654037,0.16,0.0106103825966,327.6558,0.00041334254985699997,1.3597,1.0,1.0,0.002,0.035,-0.0029486061317800004,6,10,18,23,13,10
7931,39151274,0.16,0.015493131543399999,327.6558,0.000520653989064,1.8789,1.0,1.0,0.00225,0.005,-0.00357042910687,9,17,25,24,20,17
7932,88618162,0.16,0.0138358045055,327.6558,0.000506789097674,1.7462,1.0,1.0,0.00225,0.01,-0.000653161494624,8,20,23,23,18,14
7933,60426741,0.16,0.010118422614,327.6558,0.00038090780482399997,1.2281,1.0,1.0,0.00225,0.015,-0.0025592536387800003,5,7,14,19,14,8
7934,32668272,0.16,0.0108120752746,327.6558,0.00038178525165199996,1.247,1.0,1.0,0.00225,0.02,-0.00266386748684,6,14,20,13,9,10
7935,43499004,0.16,0.00841847429139,327.6558,0.000287698321588,0.8973,1.0,1.0,0.00225,0.025,-0.00554439672733,4,8,11,15,8,6
7936,34108478,0.16,0.00821032576398,327.6558,0.000254992645604,0.7665,1.0,1.0,0.00225,0.03,-0.0071788872429099995,5,6,10,9,8,6
7937,1835572,0.16,0.0159583448797,327.6558,0.000537680459919,1.9177,1.0,1.0,0.00225,0.035,-0.00241666724196,10,22,23,28,24,11
7938,53430578,0.16,0.008567888038419999,327.6558,0.00026956134171200003,0.8122,1.0,1.0,0.0025,0.005,-0.00448149477087,3,7,10,13,6,7
7939,29118854,0.16,0.0115276787978,327.6558,0.000367699305237,1.2135,1.0,1.0,0.0025,0.01,-0.0023538725544299996,5,15,15,16,12,10
7940,32589021,0.16,0.012000319657999999,327.6558,0.000383903439083,1.2753,1.0,1.0,0.0025,0.015,-0.00225439444263,7,13,16,19,17,7
7941,15874226,0.16,0.00897334201261,327.6558,0.000348414563335,1.151,1.0,1.0,0.0025,0.02,-0.0034621316390500002,3,5,13,17,12,8
7942,83017462,0.16,0.00894852957378,327.6558,0.00029909281531099996,0.9803,1.0,1.0,0.0025,0.025,-0.0052517519071,4,10,11,12,10,5
7943,1750188,0.16,0.013404956055600001,327.6558,0.00043690061175099995,1.5166,1.0,1.0,0.0025,0.03,-0.00287226002889,8,13,15,18,16,14
7944,89599758,0.16,0.010008416510499999,327.6558,0.00035824504657099997,1.1931,1.0,1.0,0.0025,0.035,-0.00380130979942,4,9,16,18,14,9
7945,18794470,0.16,0.00969388187611,327.6558,0.00038399888066699997,1.2766,1.0,1.0,0.00275,0.005,-0.0009036084285389998,4,9,10,21,19,8
7946,59596531,0.16,0.009772706661639999,327.6558,0.000291740734519,0.9425,1.0,1.0,0.00275,0.01,-0.0046945062275200004,5,10,11,15,11,6
7947,38372279,0.16,0.012289605826999998,327.6558,0.000375184080619,1.2782,1.0,1.0,0.00275,0.015,-0.00355858421179,5,14,22,17,11,10
7948,63148652,0.16,0.00928991620416,327.6558,0.000271922751246,0.8607,1.0,1.0,0.00275,0.02,-0.005798619132640001,4,9,10,15,9,8
7949,53858640,0.16,0.011977017188299998,327.6558,0.00039251165428099994,1.3254,1.0,1.0,0.00275,0.025,-0.00200248623441,7,15,16,16,12,14
7950,46757760,0.16,0.00879528140725,327.6558,0.000241870967072,0.7243,1.0,1.0,0.00275,0.03,-0.005979069288229999,5,8,10,8,6,6
7951,75536596,0.16,0.0090829369632,327.6558,0.000298640237473,0.9341,1.0,1.0,0.00275,0.035,-0.00308455237699,4,10,11,13,12,5
8232,6664271,0.16,0.0189649936657,327.6558,0.000961225275371,3.6260000000000003,1.0,1.0,0.001,0.005,-0.00461686623373,17,41,63,57,41,23
8233,54624696,0.16,0.0249079117215,327.6558,0.0012664117499899998,4.9272,1.0,1.0,0.001,0.01,-0.0033659676272,24,62,77,69,52,35
8234,2494364,0.16,0.0239177865082,327.6558,0.0011892302954800002,4.4702,1.0,1.0,0.001,0.015,-0.0017179305256199999,23,61,76,71,37,23
8235,89615734,0.16,0.0150673877776,327.6558,0.000817645418182,2.852,1.0,1.0,0.001,0.02,-0.00307289733542,13,21,45,43,38,14
8236,5452146,0.16,0.024321682161699998,327.6558,0.00122100341482,4.7052,1.0,1.0,0.001,0.025,-0.00293260524029,25,52,73,78,45,25
8237,80955771,0.16,0.025209776434400002,327.6558,0.00114231983291,4.3114,1.0,1.0,0.001,0.03,-0.00254227322537,25,59,76,64,47,23
8238,38050814,0.16,0.0208209011483,327.6558,0.0009619931183139998,3.5748,1.0,1.0,0.001,0.035,-0.00410530614492,20,68,71,51,32,16
8239,98828170,0.16,0.0197602481095,327.6558,0.0010014012565599999,3.7535,1.0,1.0,0.00125,0.005,-0.00201593431277,11,44,56,64,44,20
8240,75106240,0.16,0.0197173871242,327.6558,0.00112546577266,4.2944,1.0,1.0,0.00125,0.01,-0.0009491816699730002,15,35,61,70,47,35
8241,55818153,0.16,0.0230180650847,327.6558,0.00112424042586,4.3395,1.0,1.0,0.00125,0.015,-0.0016570142913499997,20,54,64,65,50,33
8242,5389739,0.16,0.022767733239799998,327.6558,0.0009532318887040001,3.6502,1.0,1.0,0.00125,0.02,-0.00376318277541,19,49,53,51,39,25
8243,76013292,0.16,0.014189723623200002,327.6558,0.000553339960978,1.8530000000000002,1.0,1.0,0.00125,0.025,-0.00488457454696,13,18,29,24,23,11
8244,19059751,0.16,0.0160503970435,327.6558,0.0006580760167750001,2.3895,1.0,1.0,0.00125,0.03,-0.0056214108378,12,31,34,35,32,16
8245,30420636,0.16,0.020861737520900002,327.6558,0.00114546663433,4.3918,1.0,1.0,0.00125,0.035,-0.0009161967407210001,16,48,73,70,54,25
8246,86305325,0.16,0.0191344748009,327.6558,0.00096454602677,3.6792,1.0,1.0,0.0015,0.005,0.000267299069284,13,36,57,54,39,23
8247,72237564,0.16,0.0139388055089,327.6558,0.000506838357847,1.6971,1.0,1.0,0.0015,0.01,-0.0038725724367,12,19,28,24,14,10
8248,82553597,0.16,0.021907350225299996,327.6558,0.0009933841634360001,3.8585,1.0,1.0,0.0015,0.015,-0.00175233431818,16,39,59,60,38,21
8249,38840548,0.16,0.0200845457841,327.6558,0.000725423601411,2.6584,1.0,1.0,0.0015,0.02,-0.0017585442208599997,14,33,37,42,28,15
8250,3937903,0.16,0.011956092375100001,327.6558,0.00043209836065400005,1.4526,1.0,1.0,0.0015,0.025,-0.006324789906949999,9,16,22,23,15,8
8251,85113710,0.16,0.0175226285443,327.6558,0.000751360929651,2.7658,1.0,1.0,0.0015,0.03,-0.0018417344497700001,12,29,40,49,32,17
8252,74254576,0.16,0.0187123206215,327.6558,0.0008158329516989998,3.0742,1.0,1.0,0.0015,0.035,-0.0024355852431,16,36,45,46,37,15
8253,39227775,0.16,0.0141379678542,327.6558,0.000643507628543,2.3376,1.0,1.0,0.00175,0.005,-0.0024272572085900002,7,26,31,35,29,18
8254,26346020,0.16,0.0171349592254,327.6558,0.000782129757215,2.8831,1.0,1.0,0.00175,0.01,-0.00033851763182099996,11,26,36,50,35,18
8255,27449579,0.16,0.0118179869017,327.6558,0.000518663878082,1.7566,1.0,1.0,0.00175,0.015,-0.0026615942330300004,7,19,21,26,23,15
8256,75681353,0.16,0.0201839508566,327.6558,0.0008751702164829999,3.3222,1.0,1.0,0.00175,0.02,-0.000497195966316,13,35,42,39,40,24
8257,35253876,0.16,0.014357166702199999,327.6558,0.0005230141670930001,1.7842,1.0,1.0,0.00175,0.025,-0.0025834379190500002,9,21,29,22,19,9
8258,86360314,0.16,0.013518686106,327.6558,0.000486854121491,1.6504,1.0,1.0,0.00175,0.03,-0.0038667613170700003,9,17,27,27,16,10
8259,37317224,0.16,0.012538549022800001,327.6558,0.0004631692146530001,1.5867,1.0,1.0,0.00175,0.035,-0.00477334826585,8,19,28,24,14,13
8260,65235359,0.16,0.014438494946700001,327.6558,0.00048728022198600004,1.6988,1.0,1.0,0.002,0.005,-0.0025211973292199995,8,22,27,27,15,10
8261,40750770,0.16,0.0108162559828,327.6558,0.00043948307631000005,1.4980000000000002,1.0,1.0,0.002,0.01,-0.0035263662152699997,5,12,15,22,25,12
8262,48281509,0.16,0.0116380489695,327.6558,0.00039349070021499994,1.2816,1.0,1.0,0.002,0.015,-0.0036007197834000003,7,15,22,22,12,11
8263,11892243,0.16,0.0124939521899,327.6558,0.000472351926616,1.641,1.0,1.0,0.002,0.02,-0.00325904554135,5,17,23,22,21,13
8264,16668170,0.16,0.0160376100965,327.6558,0.0005629761744080001,2.0831,1.0,1.0,0.002,0.025,-0.00438802849912,9,21,28,31,23,10
8265,48939837,0.16,0.008602653670430001,327.6558,0.00032476968038700003,1.0325,1.0,1.0,0.002,0.03,-0.00584309540531,5,8,12,12,17,7
8266,82430933,0.16,0.0134058874398,327.6558,0.000490281398014,1.722,1.0,1.0,0.002,0.035,-0.0028569039728800006,9,14,22,24,15,12
8267,98729422,0.16,0.00946900510148,327.6558,0.000304092722851,0.9624,1.0,1.0,0.00225,0.005,-0.00504080018178,6,13,16,13,10,7
8268,8437706,0.16,0.013391621983600001,327.6558,0.000544608287472,1.911,1.0,1.0,0.00225,0.01,-0.0008241296126999999,7,19,22,28,18,14
8269,25307731,0.16,0.011173296550799999,327.6558,0.00034368250798500003,1.1512,1.0,1.0,0.00225,0.015,-0.0063097850734999995,7,12,14,13,11,5
8270,59342625,0.16,0.0131457587347,327.6558,0.000490916854243,1.7043,1.0,1.0,0.00225,0.02,-0.0017653594382399998,8,11,17,29,21,12
8271,90619148,0.16,0.00945688996534,327.6558,0.00028971183115200004,0.9162,1.0,1.0,0.00225,0.025,-0.00614237572677,5,12,17,7,7,8
8272,68804291,0.16,0.0183847071461,327.6558,0.000777850587579,2.8933,1.0,1.0,0.00225,0.03,0.0024823047122600004,9,21,43,40,38,21
8273,5257480,0.16,0.011141895914100001,327.6558,0.00038519651861900004,1.2564,1.0,1.0,0.00225,0.035,-0.00283337562187,10,10,14,21,16,9
8274,92248238,0.16,0.011760368229100001,327.6558,0.00036509836811300005,1.2021,1.0,1.0,0.0025,0.005,-0.00260713031809,8,14,14,16,13,9
8275,1406164,0.16,0.0122381868494,327.6558,0.00038526117259599996,1.3107,1.0,1.0,0.0025,0.01,-0.0037165150555399998,6,13,24,21,13,9
8276,13303905,0.16,0.009095500031739999,327.6558,0.00030280580083599996,0.9269,1.0,1.0,0.0025,0.015,-0.0029526497145000003,4,8,10,13,10,9
8277,93277422,0.16,0.0130103404209,327.6558,0.000435302427019,1.524,1.0,1.0,0.0025,0.02,-0.0034178467679499996,7,15,18,21,17,10
8278,53251512,0.16,0.0116786400309,327.6558,0.00043278184555200003,1.4466,1.0,1.0,0.0025,0.025,-0.0001554196236,6,12,15,20,22,12
8279,68569823,0.16,0.00943828124626,327.6558,0.00029308307422799997,0.9273,1.0,1.0,0.0025,0.03,-0.00504660842854,5,9,14,17,8,7
8280,81919532,0.16,0.0100584919463,327.6558,0.00028879436043299995,0.9128,1.0,1.0,0.0025,0.035,-0.005320643080149999,6,14,11,14,11,5
8281,75910475,0.16,0.010918517672700002,327.6558,0.00037585555835,1.2134,1.0,1.0,0.00275,0.005,-0.0005879097443180001,5,11,13,14,14,10
8282,95465794,0.16,0.011785786698700002,327.6558,0.000428794850315,1.4935,1.0,1.0,0.00275,0.01,-0.00021567443261900004,5,14,23,19,14,15
8283,73606496,0.16,0.012639319639,327.6558,0.000465395158711,1.6626,1.0,1.0,0.00275,0.015,-0.0013676673244900001,6,15,20,20,18,15
8284,23642145,0.16,0.0126557687235,327.6558,0.00043550347009900005,1.4786,1.0,1.0,0.00275,0.02,-0.000209057950288,5,15,25,21,19,8
8285,1704968,0.16,0.00766276727446,327.6558,0.000224848498606,0.6625,1.0,1.0,0.00275,0.025,-0.00631180362509,4,6,10,6,4,5
8286,93885262,0.16,0.0144541019689,327.6558,0.000473159177698,1.6638,1.0,1.0,0.00275,0.03,3.68930983482e-05,6,16,20,23,16,14
8287,71579940,0.16,0.0115562386711,327.6558,0.00034740165103199996,1.1499,1.0,1.0,0.00275,0.035,-0.00354818163264,6,14,20,16,10,9
8568,98353831,0.16,0.0257260467937,327.6558,0.00123711241495,4.731,1.0,1.0,0.001,0.005,-0.0021672331535900003,25,63,72,73,53,28
8569,59531032,0.16,0.0222101143502,327.6558,0.0010941775581500002,4.1797,1.0,1.0,0.001,0.01,-0.0037322090643699996,19,47,62,67,50,27
8570,23002476,0.16,0.0206980769109,327.6558,0.00106297062293,4.0062,1.0,1.0,0.001,0.015,-0.00342847425538,21,54,62,61,45,23
8571,9987313,0.16,0.012759608862700002,327.6558,0.000648698419253,2.2101,1.0,1.0,0.001,0.02,-0.0050099743278,7,20,37,37,22,14
8572,61020915,0.16,0.023494626491499998,327.6558,0.0010824745726,4.1165,1.0,1.0,0.001,0.025,-0.00341923315359,26,53,55,63,39,25
8573,19420460,0.16,0.0241798833346,327.6558,0.00114472065059,4.3238,1.0,1.0,0.001,0.03,-0.00273062584502,27,53,79,70,43,24
8574,14216188,0.16,0.0200207401949,327.6558,0.0007417354918839999,2.6046,1.0,1.0,0.001,0.035,-0.00489039136381,26,34,42,31,28,17
8575,11799211,0.16,0.0162999110903,327.6558,0.000811250831999,2.9263,1.0,1.0,0.00125,0.005,-0.00240265108307,11,34,47,50,28,18
8576,4265823,0.16,0.0212489653095,327.6558,0.00086876700977,3.235,1.0,1.0,0.00125,0.01,-0.00358002456717,17,47,62,49,29,14
8577,16989528,0.16,0.0164918405571,327.6558,0.0008562746299460001,3.1059,1.0,1.0,0.00125,0.015,-0.00235223218072,12,29,36,45,48,21
8578,14806134,0.16,0.025162221168999997,327.6558,0.0010732028844499999,4.1299,1.0,1.0,0.00125,0.02,-0.00218150785294,23,57,74,56,40,26
8579,79743813,0.16,0.0206119208702,327.6558,0.00124433734292,4.855,1.0,1.0,0.00125,0.025,-0.000543417844336,16,44,61,83,58,38
8580,30081677,0.16,0.0140921511946,327.6558,0.0006944728190830001,2.464,1.0,1.0,0.00125,0.03,-0.0036544683720300002,10,22,30,39,34,13
8581,62324977,0.16,0.020205127076,327.6558,0.000990052020622,3.6948,1.0,1.0,0.00125,0.035,-0.00117773068774,18,49,61,58,38,23
8582,50439302,0.16,0.0155591696442,327.6558,0.0006634807813609999,2.4557,1.0,1.0,0.0015,0.005,-0.00445941273362,12,20,29,34,30,19
8583,7976951,0.16,0.011677278515600001,327.6558,0.000576245941334,2.0321,1.0,1.0,0.0015,0.01,-0.0036400008430700005,6,14,21,28,25,23
8584,33569430,0.16,0.0161226540276,327.6558,0.000646492179263,2.3353,1.0,1.0,0.0015,0.015,-0.0040239030126599995,11,25,37,31,25,15
8585,50505586,0.16,0.0106279716034,327.6558,0.000386468046829,1.2596,1.0,1.0,0.0015,0.02,-0.006585013430720001,9,12,13,22,17,8
8586,73119751,0.16,0.0154114933171,327.6558,0.0007462369480510001,2.7716,1.0,1.0,0.0015,0.025,-0.0027723754830300006,10,24,28,39,36,19
8587,55282132,0.16,0.0152154845013,327.6558,0.000561480204535,1.9938,1.0,1.0,0.0015,0.03,-0.004932744810149999,15,23,27,24,21,18
8588,77657231,0.16,0.0163429306159,327.6558,0.0007936086089840001,2.9134,1.0,1.0,0.0015,0.035,-0.00114569115847,12,22,32,55,34,21
8589,74404541,0.16,0.011075316030600002,327.6558,0.000501428975121,1.7737,1.0,1.0,0.00175,0.005,-0.00482169125898,5,14,22,24,23,16
8590,26690532,0.16,0.0166618932296,327.6558,0.0007432185309620001,2.7263,1.0,1.0,0.00175,0.01,-0.000385595977335,11,25,29,41,29,19
8591,93257296,0.16,0.015848869026200002,327.6558,0.000678318561163,2.4631,1.0,1.0,0.00175,0.015,-0.0011547576899200002,10,25,27,34,27,18
8592,89305128,0.16,0.015281428397899999,327.6558,0.0006272548502769999,2.2738,1.0,1.0,0.00175,0.02,-0.0030611301032600004,8,22,29,30,27,18
8593,61521167,0.16,0.014575173325200001,327.6558,0.000546670441456,1.94,1.0,1.0,0.00175,0.025,-0.0038810753027099998,9,16,30,22,21,18
8594,33322588,0.16,0.015922495929,327.6558,0.000540030478038,1.9007,1.0,1.0,0.00175,0.03,-0.00466240179454,11,21,26,31,21,11
8595,75860724,0.16,0.0102985396038,327.6558,0.00042089167134,1.4177,1.0,1.0,0.00175,0.035,-0.00530319300596,6,13,14,21,20,9
8596,89951996,0.16,0.0162546465709,327.6558,0.0005732657008790001,2.025,1.0,1.0,0.002,0.005,-0.00130664746527,9,26,31,22,24,14
8597,75280360,0.16,0.012878279974100001,327.6558,0.00045890820970499995,1.5779,1.0,1.0,0.002,0.01,-0.0031260086979000004,7,14,24,22,12,13
8598,63004651,0.16,0.008452012629100001,327.6558,0.00040742517159900003,1.3544,1.0,1.0,0.002,0.015,-0.00360848369354,3,7,11,23,20,10
8599,65216665,0.16,0.014641477007799998,327.6558,0.000528610122724,1.8789,1.0,1.0,0.002,0.02,-0.0028557287171199998,8,20,25,30,18,15
8600,20317946,0.16,0.0116028786992,327.6558,0.000474631441113,1.6362,1.0,1.0,0.002,0.025,-0.0024816373817800005,7,11,19,27,18,12
8601,95424449,0.16,0.013237761510999998,327.6558,0.000568770710111,2.005,1.0,1.0,0.002,0.03,-0.00102789089335,6,18,21,33,25,16
8602,46566922,0.16,0.011799483020600002,327.6558,0.00038770878743199993,1.2744,1.0,1.0,0.002,0.035,-0.00419298319301,7,15,16,21,12,7
8603,18669541,0.16,0.015342809903700001,327.6558,0.000547360391752,1.979,1.0,1.0,0.00225,0.005,-0.00198638482249,10,18,28,31,20,13
8604,13887984,0.16,0.014416521080799998,327.6558,0.000565598970734,2.0836,1.0,1.0,0.00225,0.01,-0.00249667074201,10,18,21,28,27,16
8605,27419274,0.16,0.011071169127200001,327.6558,0.00038729161534400004,1.3066,1.0,1.0,0.00225,0.015,-0.00433626250766,5,14,15,19,10,9
8606,71406238,0.16,0.013443277718,327.6558,0.00051406390157,1.8117,1.0,1.0,0.00225,0.02,-0.0018573749002999999,7,17,25,30,21,12
8607,4209673,0.16,0.011383622275,327.6558,0.000337967096435,1.1146,1.0,1.0,0.00225,0.025,-0.0060319745902,7,10,15,18,16,7
8608,99678351,0.16,0.012509987808,327.6558,0.000578665539447,2.1034,1.0,1.0,0.00225,0.03,-0.000480022102743,5,15,28,26,26,20
8609,22420189,0.16,0.011821237870200002,327.6558,0.00041953085906599997,1.4134,1.0,1.0,0.00225,0.035,-0.00318167822459,9,17,17,21,15,12
8610,11023200,0.16,0.00984462275235,327.6558,0.000326844765167,1.0291,1.0,1.0,0.0025,0.005,-0.00281251616638,5,12,13,12,14,8
8611,24068256,0.16,0.011827525679600001,327.6558,0.000409801974937,1.3941,1.0,1.0,0.0025,0.01,-0.0013512311454199999,6,13,20,23,11,9
8612,19413546,0.16,0.011393377822399998,327.6558,0.00038743169896,1.2828,1.0,1.0,0.0025,0.015,-0.00205922857249,5,10,19,24,17,5
8613,3378985,0.16,0.0101270641014,327.6558,0.000372364243602,1.2371,1.0,1.0,0.0025,0.02,-0.00209558488996,4,11,16,16,13,10
8614,23448917,0.16,0.0107727788102,327.6558,0.000433717480959,1.5021,1.0,1.0,0.0025,0.025,-0.00196408895198,5,8,11,21,23,11
8615,17779302,0.16,0.00960573188628,327.6558,0.00036440872569400005,1.2181,1.0,1.0,0.0025,0.03,-0.0033367620783000002,4,11,11,15,15,9
8616,70774211,0.16,0.010522779336899999,327.6558,0.0003640269593540001,1.2141,1.0,1.0,0.0025,0.035,-0.0033315028565100006,4,11,16,20,11,7
8617,1150956,0.16,0.0120877261682,327.6558,0.00042912119896,1.4735,1.0,1.0,0.00275,0.005,-0.00099324212895,6,14,17,18,17,9
8618,57999381,0.16,0.0122092459323,327.6558,0.00041395183662,1.4172,1.0,1.0,0.00275,0.01,-0.0014344078591900001,4,15,22,18,12,10
8619,54030093,0.16,0.0108590555008,327.6558,0.00043439819497199993,1.4679,1.0,1.0,0.00275,0.015,0.00019445968364600002,5,10,15,22,20,9
8620,84217757,0.16,0.014397521295,327.6558,0.000473169953361,1.6952,1.0,1.0,0.00275,0.02,-0.00203749196622,6,16,20,24,21,14
8621,90487811,0.16,0.0101365274327,327.6558,0.00033460324238399996,1.1038,1.0,1.0,0.00275,0.025,-0.00337454099582,5,10,14,16,13,7
8622,78637893,0.16,0.00848814206471,327.6558,0.000282430561858,0.8846,1.0,1.0,0.00275,0.03,-0.004604528362439999,4,8,11,14,8,6
8623,65526403,0.16,0.009535417553549998,327.6558,0.000299570023235,0.9463,1.0,1.0,0.00275,0.035,-0.00368099663516,5,10,9,13,11,8
8904,69471773,0.16,0.025364618834599995,327.6558,0.000996658425548,3.7652,1.0,1.0,0.001,0.005,-0.0044828681201400005,27,60,71,46,35,16
8905,52500863,0.16,0.021918937227699997,327.6558,0.00104427146133,3.8981,1.0,1.0,0.001,0.01,-0.00301828450539,22,46,64,58,32,25
8906,50137820,0.16,0.0168417093549,327.6558,0.000795426001484,2.8242,1.0,1.0,0.001,0.015,-0.004297456886119999,16,40,47,46,31,18
8907,68824359,0.16,0.024936200319300002,327.6558,0.00130327375305,5.1552,1.0,1.0,0.001,0.02,-0.00349645190359,26,60,87,78,56,32
8908,83735133,0.16,0.0189229583655,327.6558,0.0007831580633230001,2.8514,1.0,1.0,0.001,0.025,-0.00506565684528,16,38,51,38,27,18
8909,61463153,0.16,0.021899983152900003,327.6558,0.00107448149381,4.1153,1.0,1.0,0.001,0.03,-0.00392174726621,22,41,64,60,58,30
8910,54751713,0.16,0.025361828774799998,327.6558,0.0014200991788800002,5.4502,1.0,1.0,0.001,0.035,0.000167200513002,26,67,96,85,57,33
8911,12614601,0.16,0.0167542699591,327.6558,0.0007624275353480001,2.8263,1.0,1.0,0.00125,0.005,-0.004372338611310001,13,32,58,43,22,20
8912,26367240,0.16,0.014968932943200002,327.6558,0.0007102523918139998,2.5583,1.0,1.0,0.00125,0.01,-0.00446760953433,9,24,31,36,32,20
8913,48403680,0.16,0.013174662557899999,327.6558,0.000652520392911,2.3688,1.0,1.0,0.00125,0.015,-0.00618948110346,6,20,31,35,23,20
8914,70332611,0.16,0.017631474307099996,327.6558,0.0007067207453,2.5311,1.0,1.0,0.00125,0.02,-0.00465523158546,14,37,38,45,21,14
8915,21046480,0.16,0.021239373193200003,327.6558,0.00103518757759,3.863,1.0,1.0,0.00125,0.025,-0.00109312341194,19,50,50,63,45,26
8916,37230109,0.16,0.0182121463953,327.6558,0.000785275327125,2.7999,1.0,1.0,0.00125,0.03,-0.0028178394846599996,16,40,44,42,23,15
8917,57240209,0.16,0.020234976640000003,327.6558,0.0008540877861489999,3.1543,1.0,1.0,0.00125,0.035,-0.0029825431919399997,19,32,42,56,39,21
8918,43677503,0.16,0.013442929073399999,327.6558,0.000636161397397,2.2516,1.0,1.0,0.0015,0.005,-0.0025145358545500002,8,16,29,43,28,19
8919,94583320,0.16,0.017317077888900002,327.6558,0.00068920136484,2.5032,1.0,1.0,0.0015,0.01,-0.00385554652821,12,27,37,45,26,12
8920,78014499,0.16,0.013634310170200002,327.6558,0.0005641094662590001,1.9628,1.0,1.0,0.0015,0.015,-0.00367272887406,8,23,31,30,26,11
8921,85496253,0.16,0.013000678610700001,327.6558,0.000478553782373,1.6169,1.0,1.0,0.0015,0.02,-0.005089245803909999,10,18,24,24,20,11
8922,92094152,0.16,0.018156564865599998,327.6558,0.000751186979666,2.7636,1.0,1.0,0.0015,0.025,-0.0027027497151100002,15,24,28,34,36,23
8923,95574085,0.16,0.0113580822184,327.6558,0.000555504329821,1.9017,1.0,1.0,0.0015,0.03,-0.0030099958039099995,7,15,24,28,22,15
8924,84401146,0.16,0.0151949637752,327.6558,0.000779465705494,2.7924,1.0,1.0,0.0015,0.035,0.000363985708648,9,32,45,47,31,18
8925,98125550,0.16,0.0159364061154,327.6558,0.0006689194123150001,2.4,1.0,1.0,0.00175,0.005,-0.0011768536867,11,22,34,31,27,19
8926,38048607,0.16,0.0140564757078,327.6558,0.000589782636822,2.1494,1.0,1.0,0.00175,0.01,-0.004338080630609999,8,17,22,31,27,20
8927,10011608,0.16,0.0156528627942,327.6558,0.000540249070055,1.8949,1.0,1.0,0.00175,0.015,-0.00402479999644,11,24,32,28,16,10
8928,57212632,0.16,0.013122104440799998,327.6558,0.000582822174404,1.9847,1.0,1.0,0.00175,0.02,-0.000616892631821,8,16,22,28,29,13
8929,57732332,0.16,0.0100066006397,327.6558,0.00042633184167500005,1.3982,1.0,1.0,0.00175,0.025,-0.0041989249964400005,6,11,14,24,14,10
8930,23448749,0.16,0.0182192602132,327.6558,0.000704668751226,2.5954,1.0,1.0,0.00175,0.03,-0.0017541559651099998,16,25,37,32,28,21
8931,81832520,0.16,0.014167351812200002,327.6558,0.0006329290064330001,2.2394,1.0,1.0,0.00175,0.035,-0.00140418632618,12,16,32,32,27,13
8932,92275432,0.16,0.0145288675593,327.6558,0.000566888663633,2.0138,1.0,1.0,0.002,0.005,-0.00118726677148,7,21,26,36,20,15
8933,31128085,0.16,0.0179736117657,327.6558,0.0007206352047380001,2.6457,1.0,1.0,0.002,0.01,0.000821349711978,9,22,38,43,36,17
8934,53486093,0.16,0.009502315341469999,327.6558,0.000356483995393,1.1176,1.0,1.0,0.002,0.015,-0.0034458121473299997,4,11,15,15,13,10
8935,31570746,0.16,0.015598876822799998,327.6558,0.000678544234329,2.4563,1.0,1.0,0.002,0.02,0.00111860335583,9,21,31,34,38,19
8936,22999745,0.16,0.00831432030489,327.6558,0.0003288459596870001,1.0293,1.0,1.0,0.002,0.025,-0.005108039555750001,5,5,10,15,14,9
8937,25729203,0.16,0.0131740816469,327.6558,0.0005505598399759999,1.9385,1.0,1.0,0.002,0.03,-0.00163088396001,6,13,23,37,20,15
8938,76491050,0.16,0.014535311330200001,327.6558,0.0006753780367219999,2.495,1.0,1.0,0.002,0.035,-0.000467231918985,5,18,27,38,29,22
8939,41646893,0.16,0.0144181391979,327.6558,0.000533423765236,1.9142,1.0,1.0,0.00225,0.005,-0.00212728459691,8,20,33,25,23,13
8940,29347203,0.16,0.015928824761700003,327.6558,0.000612420457112,2.1988,1.0,1.0,0.00225,0.01,0.000162574641416,10,19,26,33,27,16
8941,7796062,0.16,0.00937189774824,327.6558,0.00032976958792699994,1.056,1.0,1.0,0.00225,0.015,-0.004689685046029999,6,12,11,14,13,8
8942,28480113,0.16,0.017184080425900004,327.6558,0.0005808382209439999,2.0765,1.0,1.0,0.00225,0.02,-0.00100028184957,11,23,27,33,24,14
8943,62729361,0.16,0.0124310323502,327.6558,0.000391372512785,1.3139,1.0,1.0,0.00225,0.025,-0.00380836968003,9,15,17,20,14,7
8944,81765331,0.16,0.010818443217,327.6558,0.000368611234186,1.2076,1.0,1.0,0.00225,0.03,-0.00416066627532,5,12,15,16,15,9
8945,58925566,0.16,0.016480872983299998,327.6558,0.000776214226213,2.8943,1.0,1.0,0.00225,0.035,0.0032912878503699996,8,22,39,43,34,20
8946,84757430,0.16,0.00932237864927,327.6558,0.000275503350057,0.8699,1.0,1.0,0.0025,0.005,-0.005459451067689999,4,10,14,12,7,6
8947,68127013,0.16,0.008213382114359999,327.6558,0.00029376040160400006,0.919,1.0,1.0,0.0025,0.01,-0.00412238999354,3,7,9,14,10,8
8948,37774678,0.16,0.0110231524413,327.6558,0.0003702943927159999,1.2109999999999999,1.0,1.0,0.0025,0.015,-0.00153887106458,6,13,15,17,13,9
8949,43065218,0.16,0.009943142035219999,327.6558,0.00035397480534099995,1.1705,1.0,1.0,0.0025,0.02,-0.00347736957255,4,9,16,17,12,6
8950,41416246,0.16,0.0130248029149,327.6558,0.000563087317673,1.9692,1.0,1.0,0.0025,0.025,0.0029874291363699997,5,16,22,29,24,15
8951,7605003,0.16,0.00648450061581,327.6558,0.00022001484415,0.6462,1.0,1.0,0.0025,0.03,-0.00683900098308,4,5,6,8,8,3
8952,5984574,0.16,0.013859417057700002,327.6558,0.00047821173204800005,1.6783,1.0,1.0,0.0025,0.035,-0.000844828666384,7,18,26,26,20,9
8953,8718306,0.16,0.0135124479214,327.6558,0.00047535618140499993,1.6871,1.0,1.0,0.00275,0.005,-1.97713212065e-05,5,14,21,25,20,13
8954,906212,0.16,0.00921939351036,327.6558,0.000250731640656,0.7664,1.0,1.0,0.00275,0.01,-0.0054309183448700005,5,8,10,9,8,4
8955,36595223,0.16,0.0131086112887,327.6558,0.00042806949427,1.5027,1.0,1.0,0.00275,0.015,-0.0021346868879499998,5,17,20,19,18,9
8956,42396812,0.16,0.013159382215499999,327.6558,0.000530278811078,1.9031,1.0,1.0,0.00275,0.02,0.00132937761519,5,17,23,27,20,15
8957,74652140,0.16,0.0100948289489,327.6558,0.000304154298067,0.9971,1.0,1.0,0.00275,0.025,-0.0051018816614600004,4,9,17,13,10,9
8958,52593565,0.16,0.0095317163272,327.6558,0.00031642008109599996,1.0241,1.0,1.0,0.00275,0.03,-0.0035300435840000003,3,9,14,10,13,7
8959,11637005,0.16,0.0131404359201,327.6558,0.00044947488661199996,1.5592,1.0,1.0,0.00275,0.035,0.00122139708828,7,16,18,23,16,11
9240,62825267,0.16,0.0211405307699,327.6558,0.00103793691098,3.775,1.0,1.0,0.001,0.005,-0.00169813940359,22,39,61,59,42,18
9241,95425831,0.16,0.022202410718999997,327.6558,0.00110215370376,4.1184,1.0,1.0,0.001,0.01,-0.00160228450539,22,48,59,58,58,26
9242,56571727,0.16,0.0181142033472,327.6558,0.0008761849760429999,3.1604,1.0,1.0,0.001,0.015,-0.00384282818542,21,50,57,46,25,18
9243,78356433,0.16,0.0198076471944,327.6558,0.00101603214364,3.8797,1.0,1.0,0.001,0.02,-0.0046436987884,15,41,44,53,57,29
9244,26242488,0.16,0.021728345244900003,327.6558,0.00114068993695,4.3481,1.0,1.0,0.001,0.025,-0.00334228675538,19,46,67,74,60,30
9245,4008504,0.16,0.025157340257099998,327.6558,0.0014183445930999999,5.6222,1.0,1.0,0.001,0.03,-0.00206823418359,20,75,94,80,62,38
9246,41753497,0.16,0.025007097471,327.6558,0.0014994062098499998,5.9028,1.0,1.0,0.001,0.035,-0.0009258727860189999,23,67,95,98,66,34
9247,96454739,0.16,0.014064318019299998,327.6558,0.000611667084344,2.1248,1.0,1.0,0.00125,0.005,-0.00509849123373,10,20,31,32,28,13
9248,78209586,0.16,0.013609385607399998,327.6558,0.000556606526188,1.8832,1.0,1.0,0.00125,0.01,-0.004944322624060001,12,25,29,29,17,13
9249,55152863,0.16,0.011308695565500002,327.6558,0.00058373040884,2.0061,1.0,1.0,0.00125,0.015,-0.00531541461307,8,15,24,35,23,11
9250,92191360,0.16,0.0173505833965,327.6558,0.0007200665576180001,2.6272,1.0,1.0,0.00125,0.02,-0.00488868977774,14,30,36,36,40,14
9251,39673852,0.16,0.015404992087999999,327.6558,0.000795878887198,2.9524,1.0,1.0,0.00125,0.025,-0.004369737296060001,9,30,39,43,37,23
9252,54856992,0.16,0.0143767876484,327.6558,0.000637867338757,2.2465,1.0,1.0,0.00125,0.03,-0.00479520179135,9,26,32,30,22,17
9253,1238325,0.16,0.014386992153399999,327.6558,0.000545683082868,1.8638,1.0,1.0,0.00125,0.035,-0.00585194210455,11,24,24,30,21,8
9254,92182272,0.16,0.0195768133708,327.6558,0.0008626843020569999,3.2828,1.0,1.0,0.0015,0.005,-0.0020298003578,15,33,47,49,37,21
9255,77733309,0.16,0.0172683927688,327.6558,0.000589121626878,2.1057,1.0,1.0,0.0015,0.01,-0.00511651559921,13,25,23,27,24,11
9256,66528723,0.16,0.0159764178182,327.6558,0.000694758528085,2.5511,1.0,1.0,0.0015,0.015,-0.0033252938181500004,9,28,32,40,29,17
9257,39552277,0.16,0.013860404750299999,327.6558,0.0005558122059010001,1.9501,1.0,1.0,0.0015,0.02,-0.0050227868278,10,23,25,29,22,13
9258,85414571,0.16,0.0158105321797,327.6558,0.00063585567645,2.392,1.0,1.0,0.0015,0.025,-0.00616361878243,13,27,34,29,29,18
9259,29338787,0.16,0.0147477282001,327.6558,0.0005914365471240001,2.0443,1.0,1.0,0.0015,0.03,-0.00303172297756,12,20,26,29,22,14
9260,68333335,0.16,0.012834894040299999,327.6558,0.0004768635426930001,1.5851,1.0,1.0,0.0015,0.035,-0.0044408295325,10,17,25,22,17,9
9261,64677098,0.16,0.0142954779048,327.6558,0.00045377283668999996,1.5269,1.0,1.0,0.00175,0.005,-0.00478926500697,13,23,18,24,13,8
9262,65722969,0.16,0.0140084097667,327.6558,0.0005242561392,1.8177,1.0,1.0,0.00175,0.01,-0.00400941460653,9,19,28,27,20,13
9263,95509893,0.16,0.0158619569508,327.6558,0.000567040446541,1.9995,1.0,1.0,0.00175,0.015,-0.00304358902541,10,28,26,29,20,12
9264,29305397,0.16,0.010692370751100001,327.6558,0.000427914324726,1.4235,1.0,1.0,0.00175,0.02,-0.00467477908492,6,13,18,22,16,9
9265,714751,0.16,0.0166192854094,327.6558,0.000577508233263,2.0434,1.0,1.0,0.00175,0.025,-0.0028187787960300002,13,23,32,26,22,11
9266,70222367,0.16,0.014766705113699999,327.6558,0.000639782327975,2.3144,1.0,1.0,0.00175,0.03,-0.0023920301271999995,8,22,28,35,31,14
9267,51720897,0.16,0.0167639882648,327.6558,0.000736976959191,2.7759,1.0,1.0,0.00175,0.035,-0.00216565862862,9,30,38,35,34,22
9268,68844530,0.16,0.0154170506326,327.6558,0.0005887118438159999,2.1181,1.0,1.0,0.002,0.005,-0.0017326544075300001,10,22,26,30,28,16
9269,59320470,0.16,0.013693165027999998,327.6558,0.00048029451373000003,1.6426,1.0,1.0,0.002,0.01,-0.0021206402782099998,7,17,23,23,17,12
9270,55337847,0.16,0.0113388909251,327.6558,0.00052389407693,1.8546,1.0,1.0,0.002,0.015,-0.00204155560458,4,12,20,31,27,17
9271,9273352,0.16,0.014384568293399999,327.6558,0.000584591846112,2.1107,1.0,1.0,0.002,0.02,-0.00138924342219,6,22,25,35,25,13
9272,58104810,0.16,0.0104902620808,327.6558,0.00043842829286,1.5043,1.0,1.0,0.002,0.025,-0.00370832605672,4,12,22,28,15,12
9273,38885127,0.16,0.0131807761063,327.6558,0.00047971940121199996,1.7087,1.0,1.0,0.002,0.03,-0.00411040145198,8,14,22,22,23,14
9274,35618920,0.16,0.0145748625287,327.6558,0.000637837166901,2.2889,1.0,1.0,0.002,0.035,-0.0005821827019839999,7,18,27,36,30,19
9275,78884959,0.16,0.0132220324512,327.6558,0.000381755695548,1.2869,1.0,1.0,0.00225,0.005,-0.00519385941459,9,16,21,20,12,6
9276,59099047,0.16,0.011051948197700001,327.6558,0.000360375549045,1.1558,1.0,1.0,0.00225,0.01,-0.0034630356929800004,7,14,16,13,11,8
9277,18953974,0.16,0.0116297650963,327.6558,0.000351878169236,1.1546,1.0,1.0,0.00225,0.015,-0.00467204626883,8,14,16,17,13,4
9278,65669880,0.16,0.0138667931858,327.6558,0.000577031025338,2.0456,1.0,1.0,0.00225,0.02,0.00040894441137199995,6,20,35,31,24,11
9279,15523619,0.16,0.011436147414799999,327.6558,0.000445604884286,1.5133,1.0,1.0,0.00225,0.025,-0.0015751200545200002,5,11,20,21,17,12
9280,17512478,0.16,0.011884243314700001,327.6558,0.000401396957951,1.3335,1.0,1.0,0.00225,0.03,-0.00384760229469,9,12,14,18,14,10
9281,38749084,0.16,0.0111543338111,327.6558,0.000456291263024,1.5562,1.0,1.0,0.00225,0.035,-0.0018328982175599999,7,14,21,23,16,10
9282,3956459,0.16,0.0073217964571499995,327.6558,0.00027255697597099995,0.8459,1.0,1.0,0.0025,0.005,-0.00507592623057,3,5,7,15,14,5
9283,67884352,0.16,0.0135556109537,327.6558,0.000433678996449,1.4785,1.0,1.0,0.0025,0.01,-0.00125650720859,8,16,21,20,17,10
9284,26792736,0.16,0.00928849625987,327.6558,0.000335218994544,1.0785,1.0,1.0,0.0025,0.015,-0.00323713607449,4,11,10,15,13,7
9285,40109542,0.16,0.0106096614941,327.6558,0.0003454066140330001,1.1367,1.0,1.0,0.0025,0.02,-0.00388815715177,6,9,15,18,13,6
9286,79181735,0.16,0.008054824702869999,327.6558,0.000249580184117,0.7467,1.0,1.0,0.0025,0.025,-0.0056560711812100005,5,8,7,11,10,3
9287,95615972,0.16,0.010170636036,327.6558,0.000308412224254,0.9749,1.0,1.0,0.0025,0.03,-0.004556346009090001,5,11,13,14,9,7
9288,30649279,0.16,0.008564900014890001,327.6558,0.00027176573444499997,0.8382,1.0,1.0,0.0025,0.035,-0.005817473604979999,5,6,12,13,8,7
9289,90106054,0.16,0.008938219553479999,327.6558,0.000318806120717,1.0083,1.0,1.0,0.00275,0.005,-0.0027474660494200003,4,8,11,13,9,10
9290,60920437,0.16,0.00943321545277,327.6558,0.00028857268965499995,0.9158,1.0,1.0,0.00275,0.01,-0.0049269394071,5,7,14,13,7,8
9291,10145314,0.16,0.015377605642299999,327.6558,0.000584935743694,2.1588,1.0,1.0,0.00275,0.015,-0.000134995243484,7,18,22,26,27,19
9292,51333479,0.16,0.012357052831500001,327.6558,0.00041590407884300003,1.4234,1.0,1.0,0.00275,0.02,-0.00162823331566,7,11,21,21,19,11
9293,78671692,0.16,0.010732607031100001,327.6558,0.00039831511839,1.3204,1.0,1.0,0.00275,0.025,-5.00933160493e-05,4,14,17,20,15,11
9294,39116629,0.16,0.0123726533327,327.6558,0.00040432793823300003,1.3729,1.0,1.0,0.00275,0.03,-0.0021587562275199998,7,17,17,16,16,12
9295,67125417,0.16,0.00762568477533,327.6558,0.00025092868134799997,0.7692,1.0,1.0,0.00275,0.035,-0.00548450996712,4,5,10,7,9,7
