Time (sec);Pressure (kPa);FLOW (g.h-1);FLOW (?L.s-1)
0;6.826;0.088;0.02450254
1;0.783;0.066;0.018376537
2;12.319;0.063;0.017545372
3;39.237;0.063;0.017543068
4;41.984;0.066;0.018380627
5;85.932;0.072;0.02005109
6;91.975;0.082;0.022831821
7;116.696;0.09;0.025065697
8;165.588;0.102;0.028401952
9;165.038;0.114;0.031745045
10;176.025;0.125;0.034810292
11;193.055;0.137;0.038148447
12;220.523;0.15;0.041768666
13;254.582;0.165;0.045944611
14;267.767;0.179;0.049843541
15;265.569;0.189;0.052636064
16;280.402;0.194;0.054020429
17;274.359;0.201;0.055965187
18;279.303;0.206;0.057365521
19;274.359;0.209;0.058191666
20;282.599;0.213;0.0593143
21;280.951;0.218;0.060706959
22;285.346;0.22;0.061252052
23;283.149;0.221;0.061545831
24;286.445;0.223;0.062092348
25;284.247;0.224;0.062382045
26;286.994;0.225;0.062648854
27;286.994;0.227;0.063215998
28;288.642;0.227;0.063211498
29;288.093;0.228;0.063491554
30;289.741;0.229;0.063767661
31;290.29;0.229;0.063761972
32;290.29;0.23;0.064040152
33;290.29;0.232;0.064598577
34;290.84;0.233;0.064871361
35;289.741;0.233;0.064880986
36;291.938;0.231;0.064329291
37;293.586;0.232;0.064594368
38;292.488;0.232;0.064595857
39;291.938;0.233;0.064873442
40;293.586;0.233;0.064870841
41;293.586;0.233;0.064869866
42;293.586;0.233;0.06488014
43;292.488;0.234;0.065147625
44;294.136;0.233;0.064868696
45;295.234;0.231;0.06432439
46;294.136;0.232;0.064592231
47;294.136;0.233;0.064869541
48;294.136;0.234;0.065155461
49;294.685;0.233;0.064881766
50;294.685;0.234;0.0651488
51;294.685;0.234;0.065157616
52;295.234;0.233;0.064883262
53;295.234;0.233;0.064873767
54;295.234;0.233;0.064875458
55;295.234;0.232;0.064602851
56;294.685;0.233;0.064869216
57;294.685;0.234;0.065159249
58;295.234;0.234;0.065152065
59;294.685;0.233;0.064878515
60;294.685;0.234;0.065157486
61;295.234;0.234;0.065157094
62;295.234;0.233;0.064882482
63;294.685;0.233;0.064875393
64;295.234;0.233;0.064871947
65;295.234;0.234;0.065149192
66;295.234;0.235;0.065428853
67;295.234;0.234;0.065160556
68;295.234;0.235;0.065439348
69;295.234;0.237;0.065992441
70;295.784;0.236;0.065708064
71;295.234;0.237;0.065994492
72;295.234;0.234;0.065146057
73;295.234;0.234;0.065160229
74;295.234;0.234;0.065160098
75;295.234;0.235;0.065431673
76;295.234;0.234;0.065143315
77;295.234;0.234;0.065154351
78;295.234;0.235;0.065431673
79;295.234;0.235;0.065430755
80;296.333;0.234;0.065155787
81;295.234;0.233;0.064865445
82;295.234;0.232;0.064599742
83;295.234;0.232;0.064586341
84;295.234;0.233;0.06486577
85;295.234;0.234;0.065158008
86;295.234;0.233;0.064869151
87;295.234;0.234;0.065155983
88;295.234;0.235;0.065430624
89;296.333;0.234;0.065154873
90;295.234;0.232;0.0645877
91;295.234;0.234;0.065158596
92;295.234;0.234;0.065146319
93;295.234;0.234;0.065148735
94;295.234;0.235;0.06543528
95;295.234;0.235;0.065431148
96;295.234;0.235;0.065420853
97;294.685;0.236;0.065711752
98;294.685;0.236;0.065711555
99;295.234;0.235;0.065429181
100;294.685;0.234;0.065144752
101;295.234;0.234;0.065151869
102;295.234;0.233;0.064872142
103;295.234;0.233;0.064866095
104;295.234;0.233;0.064873117
105;295.234;0.234;0.065141814
106;295.234;0.234;0.065152522
107;295.234;0.235;0.065427804
108;294.685;0.235;0.06541987
109;295.234;0.234;0.06514547
110;295.234;0.233;0.064876238
111;295.234;0.233;0.064869476
112;295.234;0.234;0.065152718
113;295.234;0.232;0.064596634
114;295.784;0.232;0.064596699
115;295.234;0.234;0.065155004
116;295.234;0.234;0.065153502
117;295.234;0.232;0.064582004
118;295.234;0.232;0.064587829
119;295.234;0.232;0.064587959
120;295.784;0.232;0.0645888
121;295.234;0.232;0.064593073
122;295.234;0.233;0.064871687
123;295.234;0.234;0.065148082
124;295.234;0.234;0.065150694
125;295.234;0.235;0.065416264
126;295.234;0.235;0.065416067
127;295.234;0.234;0.065144948
128;294.685;0.234;0.065150889
129;295.234;0.236;0.065709842
130;294.685;0.235;0.065416067
131;296.333;0.235;0.065429509
132;295.234;0.235;0.06541692
133;295.234;0.236;0.065698252
134;295.234;0.235;0.065415281
135;295.234;0.235;0.065422164
136;295.234;0.235;0.065417051
137;295.234;0.234;0.065150694
138;294.685;0.234;0.065150889
139;295.234;0.234;0.065146906
140;295.234;0.234;0.065142989
141;295.234;0.234;0.065149714
142;294.685;0.233;0.06486096
143;295.234;0.234;0.065140051
144;295.234;0.234;0.065141944
145;295.234;0.233;0.064870321
146;294.685;0.234;0.065152326
147;295.234;0.235;0.065426689
148;295.234;0.235;0.065421902
149;295.234;0.236;0.065702071
150;295.234;0.236;0.065693644
151;294.685;0.235;0.065427673
152;295.234;0.234;0.065149714
153;295.234;0.233;0.064856215
154;294.685;0.233;0.06485771
155;295.234;0.233;0.06485784
156;295.234;0.232;0.064593267
157;294.685;0.234;0.065133002
158;295.234;0.234;0.065149583
159;295.234;0.235;0.065412265
160;295.234;0.234;0.065138746
161;295.234;0.233;0.064855565
162;295.234;0.235;0.065411479
163;294.685;0.236;0.065703783
164;295.234;0.236;0.065702861
165;295.234;0.235;0.065418559
166;295.234;0.236;0.065690681
167;295.234;0.236;0.065693644
168;295.234;0.235;0.065424328
169;295.234;0.235;0.065409971
170;294.685;0.235;0.065419345
171;295.234;0.235;0.06542105
172;295.234;0.235;0.065421902
173;295.234;0.235;0.065419673
174;295.234;0.234;0.065142532
175;295.234;0.233;0.0648659
176;295.234;0.233;0.06485849
177;295.234;0.235;0.065412659
178;295.234;0.233;0.064858165
179;295.234;0.232;0.064572492
180;295.234;0.232;0.064580192
181;295.234;0.232;0.064588671
182;294.685;0.231;0.064299381
183;294.685;0.231;0.064298865
184;295.234;0.232;0.064585888
185;295.234;0.232;0.064585693
186;295.234;0.231;0.064307307
187;295.234;0.233;0.064851211
188;295.234;0.233;0.064851796
189;294.685;0.232;0.064574109
190;295.234;0.233;0.064866745
191;295.234;0.234;0.065131305
192;295.784;0.235;0.065416788
193;295.234;0.234;0.06513855
194;295.234;0.234;0.065138746
195;295.234;0.232;0.064584852
196;295.234;0.232;0.064585046
197;295.234;0.231;0.064308467
198;295.234;0.232;0.064573527
199;295.234;0.232;0.064583104
200;295.234;0.234;0.065137244
201;295.234;0.234;0.065129804
202;295.234;0.233;0.06486148
203;295.234;0.234;0.065140704
204;295.234;0.235;0.065420066
205;295.234;0.234;0.065138419
206;295.234;0.234;0.065130522
207;295.234;0.235;0.065417378
208;295.234;0.234;0.065140378
209;295.234;0.235;0.065413314
210;295.234;0.234;0.065137766
211;295.234;0.236;0.065682981
212;295.234;0.236;0.065693314
213;295.234;0.235;0.065413904
214;295.234;0.235;0.065404335
215;295.234;0.235;0.06541987
216;295.234;0.235;0.065407546
217;295.234;0.235;0.065418755
218;294.685;0.236;0.065694302
219;295.234;0.235;0.065403549
220;295.234;0.234;0.065124453
221;295.234;0.234;0.065138027
222;294.685;0.235;0.065409447
223;295.234;0.236;0.065680085
224;295.234;0.235;0.065404073
225;295.234;0.235;0.065401583
226;295.234;0.235;0.065404728
227;295.234;0.234;0.065132936
228;295.234;0.235;0.065417575
229;295.234;0.236;0.065684034
230;295.234;0.236;0.065683704
231;295.234;0.235;0.065416264
232;295.234;0.236;0.065694829
233;294.685;0.235;0.065401386
234;295.234;0.234;0.065132349
235;295.234;0.234;0.065138027
236;295.234;0.235;0.06541397
237;295.234;0.235;0.065401714
238;295.234;0.236;0.065680875
239;295.234;0.236;0.065695289
240;295.234;0.235;0.065407153
241;295.234;0.236;0.065693446
242;295.234;0.236;0.065680546
243;295.234;0.235;0.065410692
244;295.234;0.235;0.065407874
245;295.234;0.234;0.065123409
246;295.234;0.235;0.065403025
247;295.234;0.235;0.065400207
248;295.234;0.234;0.065127063
249;295.234;0.233;0.064849717
250;295.234;0.234;0.065128694
251;294.685;0.234;0.065128694
252;295.234;0.236;0.065680085
253;295.234;0.236;0.065684034
254;295.234;0.235;0.065405515
255;295.234;0.235;0.065407677
256;295.234;0.236;0.065686535
257;295.234;0.236;0.065676598
258;295.234;0.234;0.065118646
259;295.234;0.236;0.065689167
260;295.234;0.235;0.065412265
261;295.234;0.234;0.065121256
262;295.234;0.233;0.064844454
263;295.234;0.234;0.065120277
264;295.234;0.235;0.065401124
265;295.234;0.234;0.065130978
266;295.234;0.234;0.065131957
267;295.234;0.232;0.064560977
268;295.234;0.232;0.064572815
269;295.234;0.233;0.064839582
270;295.234;0.233;0.064854785
271;295.234;0.233;0.064839192
272;295.234;0.232;0.064561753
273;295.234;0.233;0.064852121
274;295.234;0.233;0.064839712
275;295.234;0.233;0.064843674
276;295.234;0.233;0.064851471
277;295.234;0.235;0.065397455
278;295.234;0.234;0.065133132
279;295.234;0.233;0.0648427
280;295.784;0.235;0.065396472
281;295.234;0.235;0.065395621
282;295.234;0.235;0.065399421
283;295.234;0.235;0.065408005
284;295.234;0.235;0.065394638
285;288.642;0.234;0.065126541
286;274.359;0.232;0.064560007
287;255.681;0.23;0.064008585
288;259.527;0.227;0.063183059
289;245.793;0.222;0.061775825
290;208.437;0.216;0.060119518
291;202.944;0.211;0.058714801
292;210.085;0.204;0.056777155
293;196.351;0.196;0.054540545
294;148.009;0.189;0.052600203
295;154.601;0.18;0.050096938
296;123.288;0.172;0.047862782
297;105.159;0.162;0.045089096
298;109.005;0.153;0.042578003
299;88.129;0.144;0.040071929
300;85.932;0.134;0.037289044
301;63.409;0.126;0.035062481
302;68.353;0.12;0.033393007
303;49.675;0.113;0.031446499
304;49.126;0.109;0.030338637
305;36.491;0.104;0.028947043
306;25.504;0.098;0.027276994
307;15.066;0.09;0.025045257
308;7.375;0.082;0.022823173
309;2.431;0.073;0.02031758
310;0.783;0.07;0.019480249
311;0.233;0.069;0.019205423
312;0.233;0.069;0.019201517
313;0.233;0.068;0.01892532
314;-0.865;0.067;0.018648389
315;-0.865;0.065;0.01808989
316;0.233;0.064;0.017811316
317;0.233;0.063;0.017531293
318;0.233;0.077;0.021432032
319;-0.865;0.077;0.021427437
320;0.233;0.073;0.020316949
321;-0.865;0.032;0.008906336
322;-225;0.037;0.010297735
323;-225;0.044;0.012246998
324;-225;0.047;0.013081129
325;-225;0.05;0.013915621
326;-225;0.052;0.014470259
327;-225;0.052;0.014472753
328;-225;0.037;0.01029626
329;-225;0.044;0.012244569
330;-225;0.028;0.007793177
331;-225;0.033;0.009184209
332;-225;0.038;0.010575035
333;-225;0.041;0.01141201
334;-225;0.043;0.011966667
335;-225;0.045;0.012523394
336;-225;0.048;0.013357203
337;-225;0.05;0.013914129
338;-1.415;0.051;0.014192355
339;6.826;0.055;0.015308456
340;18.911;0.056;0.01558587
341;72.198;0.057;0.01586465
342;52.422;0.058;0.016140066
343;99.116;0.059;0.016418228
344;89.778;0.059;0.016419626
345;143.064;0.058;0.016140681
346;129.88;0.058;0.016141328
347;178.223;0.058;0.016143948
348;182.618;0.057;0.01586171
349;226.566;0.059;0.016421864
350;201.296;0.058;0.016142427
351;240.849;0.058;0.016140147
352;265.02;0.057;0.015865238
353;274.908;0.057;0.015862028
354;273.26;0.057;0.015863569
355;271.063;0.056;0.015585214
356;273.81;0.057;0.015864396
357;277.655;0.058;0.016141214
358;280.402;0.057;0.015865
359;280.951;0.057;0.015861869
360;284.247;0.058;0.016141344
361;285.346;0.1;0.027830795
362;286.445;0.13;0.036180759
363;285.346;0.133;0.03701748
364;286.994;0.152;0.042299758
365;286.445;0.168;0.046755877
366;288.093;0.183;0.050924488
367;288.093;0.197;0.054831282
368;289.192;0.205;0.057046844
369;289.741;0.212;0.059002055
370;290.29;0.218;0.060667366
371;289.741;0.222;0.061777805
372;290.29;0.225;0.062622615
373;290.29;0.23;0.064001788
374;292.488;0.232;0.064565181
375;290.29;0.233;0.064848677
376;291.938;0.234;0.065125758
377;292.488;0.235;0.065394441
378;292.488;0.236;0.065682191
379;293.586;0.237;0.06595436
380;292.488;0.238;0.066229795
381;293.586;0.239;0.066505873
382;293.586;0.239;0.066507272
383;293.586;0.239;0.066514268
384;293.586;0.24;0.066785478
385;294.136;0.24;0.066782668
386;293.586;0.239;0.066517001
387;295.234;0.24;0.066784876
388;294.685;0.24;0.066785478
389;294.685;0.241;0.06706449
390;294.685;0.241;0.067074099
391;295.234;0.239;0.066515801
392;295.234;0.239;0.066513802
393;294.685;0.24;0.066784207
394;294.685;0.24;0.066788221
395;295.234;0.239;0.066506073
396;296.333;0.238;0.066223758
397;295.784;0.238;0.066226743
398;295.784;0.239;0.066515468
399;295.234;0.237;0.06595284
400;295.784;0.238;0.066236497
401;295.234;0.239;0.066510803
402;295.234;0.24;0.06678327
403;296.333;0.239;0.066513402
404;295.234;0.239;0.066507605
405;294.685;0.24;0.066786883
406;295.234;0.24;0.066790563
407;295.784;0.239;0.06651147
408;295.234;0.24;0.066778253
409;295.234;0.24;0.066791901
410;294.685;0.238;0.066236696
411;295.234;0.239;0.066499811
412;295.234;0.239;0.066505007
413;294.685;0.239;0.066508404
414;295.784;0.24;0.066780394
415;295.234;0.24;0.066792035
416;295.234;0.242;0.067336222
417;295.234;0.239;0.066512936
418;296.333;0.238;0.066230923
419;295.234;0.24;0.066777919
420;296.333;0.241;0.067067715
421;296.333;0.239;0.066498212
422;295.234;0.24;0.066775511
423;294.685;0.241;0.067056496
424;295.234;0.24;0.06678501
425;295.784;0.239;0.066513269
426;295.234;0.239;0.066498878
427;295.234;0.238;0.066220773
428;295.234;0.238;0.066219446
429;294.685;0.24;0.066790429
430;295.234;0.239;0.066513069
431;295.234;0.239;0.066511603
432;295.234;0.24;0.066774374
433;295.234;0.238;0.066223758
434;295.234;0.238;0.066219048
435;295.234;0.239;0.066495614
436;295.234;0.239;0.066506739
437;295.234;0.238;0.06623079
438;295.234;0.239;0.066503341
439;296.333;0.238;0.066231454
440;295.234;0.24;0.066781932
441;294.685;0.239;0.066502542
442;295.234;0.237;0.065942072
443;295.234;0.239;0.066499544
444;294.685;0.238;0.066220773
445;295.234;0.236;0.065666795
446;295.234;0.237;0.065952972
447;295.234;0.235;0.06539549
448;295.234;0.235;0.065382128
449;295.234;0.235;0.065394835
450;295.234;0.236;0.065669624
451;295.234;0.236;0.065670742
452;295.234;0.236;0.065661928
453;295.234;0.237;0.065937383
454;295.234;0.239;0.066501476
455;295.234;0.238;0.066224487
456;295.234;0.239;0.066496347
457;295.234;0.24;0.066774708
458;294.685;0.239;0.066505007
459;295.234;0.24;0.06676996
460;295.234;0.24;0.06677016
461;295.234;0.239;0.066500144
462;295.234;0.239;0.06650021
463;295.234;0.238;0.066222232
464;295.234;0.24;0.066771565
465;295.234;0.24;0.066781932
466;295.234;0.24;0.066783805
467;295.234;0.24;0.066782936
468;295.234;0.24;0.06678327
469;295.234;0.24;0.066769625
470;295.234;0.241;0.067047362
471;295.234;0.241;0.067062609
472;295.784;0.24;0.066780795
473;295.234;0.238;0.066223227
474;295.234;0.238;0.066212748
475;295.234;0.239;0.066505939
476;295.234;0.238;0.066217058
477;295.234;0.238;0.066226942
478;295.234;0.24;0.066776715
479;295.234;0.24;0.066780394
480;294.685;0.239;0.066497479
481;295.234;0.24;0.066781263
482;295.234;0.24;0.066783136
483;295.234;0.24;0.066770829
484;295.234;0.24;0.06677638
485;295.234;0.24;0.066776715
486;295.234;0.24;0.066767151
487;295.234;0.238;0.0662219
488;294.685;0.238;0.066213411
489;295.234;0.237;0.065946233
490;294.685;0.238;0.06621109
491;294.685;0.238;0.066223758
492;295.784;0.239;0.066491818
493;295.234;0.24;0.066766081
494;295.234;0.239;0.066502009
495;295.234;0.24;0.066780394
496;295.234;0.24;0.066767352
497;295.234;0.239;0.066500543
498;295.234;0.239;0.066494615
499;295.234;0.239;0.066488489
500;295.784;0.237;0.065942402
501;295.234;0.239;0.066486624
502;295.234;0.24;0.06677638
503;295.234;0.239;0.066485426
504;295.234;0.238;0.066216594
505;295.234;0.239;0.066488822
506;295.234;0.239;0.066494482
507;295.234;0.239;0.066501209
508;295.234;0.239;0.066490753
509;294.685;0.239;0.06649315
510;295.234;0.238;0.066206714
511;295.234;0.238;0.066218916
512;295.234;0.239;0.066498545
513;295.234;0.239;0.066486891
514;295.234;0.238;0.066221569
515;295.234;0.238;0.066206051
516;295.234;0.239;0.066486092
517;295.234;0.24;0.066767486
518;295.234;0.239;0.066496147
519;294.685;0.24;0.066761735
520;295.234;0.241;0.067049511
521;295.234;0.242;0.067318083
522;295.234;0.244;0.067884356
523;295.234;0.244;0.067879053
524;295.234;0.242;0.06732051
525;295.234;0.242;0.06731687
526;295.234;0.242;0.067329815
527;295.234;0.242;0.06733339
528;295.234;0.241;0.067040245
529;295.234;0.246;0.068430299
530;294.685;0.245;0.068167555
531;295.234;0.245;0.068162025
532;295.234;0.246;0.06844531
533;295.234;0.251;0.069822417
534;295.234;0.247;0.068719757
535;295.234;0.244;0.067876538
536;295.234;0.243;0.067594903
537;295.234;0.243;0.067599168
538;295.234;0.241;0.067054682
539;295.234;0.241;0.067053272
540;295.234;0.24;0.066758928
541;294.685;0.239;0.066490486
542;295.234;0.237;0.065934015
543;295.234;0.237;0.065928072
544;295.234;0.237;0.065927082
545;295.234;0.236;0.065649237
546;295.234;0.236;0.065650683
547;295.234;0.238;0.066204923
548;295.234;0.237;0.065924111
549;295.234;0.236;0.065659166
550;295.234;0.237;0.065926553
551;295.234;0.236;0.065644307
552;295.234;0.238;0.066201277
553;294.685;0.238;0.066204062
554;295.234;0.239;0.066480432
555;295.234;0.24;0.066761468
556;295.234;0.239;0.066483561
557;295.234;0.238;0.066209764
558;295.234;0.238;0.066215268
559;295.234;0.237;0.06592827
560;295.234;0.237;0.065935071
561;295.234;0.238;0.06620194
562;295.234;0.239;0.066494016
563;295.234;0.238;0.066202404
564;295.234;0.236;0.065657785
565;295.234;0.237;0.065922262
566;295.234;0.238;0.066209697
567;295.234;0.237;0.06592695
568;295.234;0.236;0.065657785
569;295.234;0.236;0.065653511
570;295.234;0.235;0.065370539
571;295.234;0.236;0.065650749
572;295.234;0.238;0.066200283
573;290.84;0.238;0.066213411
574;280.951;0.237;0.065935401
575;255.132;0.235;0.065364124
576;275.458;0.231;0.064264863
577;267.218;0.227;0.063153317
578;215.029;0.22;0.061196909
579;214.48;0.214;0.059527545
580;209.536;0.222;0.061754667
581;173.828;0.208;0.057868168
582;146.361;0.188;0.052294703
583;130.429;0.162;0.045065751
584;129.331;0.145;0.040336225
585;108.455;0.134;0.037275228
586;113.949;0.122;0.033936298
587;77.692;0.113;0.031432297
588;79.889;0.105;0.029207323
589;61.211;0.095;0.026429988
590;62.31;0.09;0.025039312
591;50.224;0.083;0.02309174
592;56.817;0.08;0.022256274
593;40.885;0.079;0.021979282
594;44.731;0.076;0.021144032
595;28.8;0.073;0.020306227
596;17.263;0.071;0.019752087
597;7.924;0.069;0.019192596
598;3.53;0.068;0.018915749
599;1.332;0.067;0.018636942
600;-0.316;0.065;0.018083965
601;-0.316;0.065;0.018080036
602;-0.865;0.064;0.017801739
603;-0.316;0.063;0.017525973
604;0.233;0.062;0.017248008
605;-0.865;0.057;0.01585469
606;0.233;0.057;0.015857786
607;-0.865;0.057;0.015857786
608;0.233;0.059;0.016413969
609;0.783;0.057;0.015854547
610;-0.865;0.054;0.015023286
611;-225;0.06;0.016689347
612;-225;0.06;0.016689347
613;-225;0.058;0.016136526
614;-225;0.06;0.016690685
615;-225;0.056;0.015579969
616;-225;0.064;0.017806179
617;-225;0.062;0.017249442
618;-225;0.062;0.017245884
619;-225;0.065;0.018083802
620;-225;0.064;0.017802541
621;-225;0.06;0.016690317
622;-225;0.059;0.016412276
623;-225;0.056;0.015577114
624;-225;0.057;0.015855198
625;-225;0.058;0.016133601
626;-225;0.058;0.016136736
627;-225;0.058;0.016136461
628;-225;0.06;0.016692741
629;-225;0.06;0.016690935
630;-225;0.059;0.016413509
631;-225;0.061;0.016970749
632;-225;0.062;0.017249252
633;-225;0.063;0.017523201
634;-225;0.06;0.01669249
635;-225;0.062;0.01724521
636;-225;0.056;0.015579751
637;-225;0.055;0.015300177
638;-225;0.057;0.015858183
639;-225;0.058;0.016134021
640;-225;0.057;0.015856643
641;-225;0.057;0.015855436
642;-1.415;0.057;0.015855245
643;33.744;0.06;0.016693175
644;35.941;0.059;0.016412178
645;63.409;0.059;0.0164142
646;51.323;0.059;0.016414627
647;98.567;0.057;0.015856563
648;87.031;0.056;0.01557766
649;118.893;0.057;0.015854959
650;123.837;0.058;0.016133488
651;199.098;0.056;0.015579829
652;163.39;0.058;0.016134021
653;211.184;0.058;0.016133892
654;244.694;0.059;0.016412687
655;255.132;0.058;0.016136494
656;249.638;0.06;0.016689966
657;250.188;0.061;0.016969474
658;273.81;0.06;0.016689515
659;266.119;0.057;0.015857643
660;278.754;0.036;0.010013538
661;275.458;0.118;0.032825933
662;278.205;0.113;0.031436925
663;283.149;0.136;0.037835742
664;282.599;0.157;0.043669803
665;285.346;0.174;0.048404973
666;286.445;0.188;0.052303135
667;283.698;0.199;0.055363869
668;287.543;0.209;0.058141605
669;287.543;0.217;0.060367847
670;286.994;0.221;0.061477847
671;289.192;0.226;0.06286749
672;289.192;0.23;0.063984482
673;290.84;0.234;0.065089889
674;289.192;0.237;0.065919424
675;288.642;0.239;0.066486424
676;290.29;0.24;0.066753981
677;289.741;0.241;0.067042931
678;291.938;0.242;0.06730804
679;293.586;0.244;0.067866615
680;293.586;0.245;0.068155676
681;291.938;0.246;0.068428723
682;291.938;0.246;0.068429614
683;294.136;0.245;0.06815124
684;294.136;0.246;0.068434205
685;294.136;0.245;0.068147828
686;293.586;0.245;0.068144348
687;294.136;0.245;0.068155062
688;294.136;0.245;0.06815124
689;294.136;0.246;0.068434891
690;294.136;0.243;0.067591181
691;294.136;0.244;0.067864916
692;294.136;0.246;0.068423378
693;294.685;0.246;0.068420227
694;295.784;0.247;0.068712944
695;294.136;0.246;0.068428175
696;294.685;0.245;0.0681408
697;295.234;0.245;0.068151376
698;294.685;0.248;0.06897566
699;295.234;0.247;0.068705994
700;294.685;0.246;0.068418925
701;294.685;0.246;0.068417007
702;294.685;0.246;0.06843352
703;294.685;0.245;0.068142301
704;295.234;0.243;0.067587932
705;295.234;0.244;0.06787647
706;296.333;0.245;0.068144689
707;295.234;0.246;0.068416665
708;295.234;0.246;0.06841735
709;295.234;0.246;0.068419062
710;294.685;0.247;0.068696295
711;295.234;0.246;0.068422488
712;295.234;0.245;0.068153492
713;295.234;0.245;0.068139026
714;295.784;0.245;0.068138548
715;294.685;0.245;0.068142164
716;295.234;0.245;0.068142983
717;294.685;0.245;0.068142096
718;295.234;0.244;0.067859413
719;295.234;0.246;0.068416459
720;295.234;0.245;0.068139026
721;295.234;0.244;0.067857374
722;294.685;0.244;0.067869469
723;295.234;0.244;0.067859956
724;295.234;0.243;0.067589962
725;295.234;0.243;0.067589285
726;295.234;0.245;0.068136297
727;295.234;0.245;0.068137116
728;294.685;0.244;0.067873208
729;295.234;0.246;0.068427832
730;295.234;0.246;0.068420433
731;294.685;0.247;0.068693543
732;295.234;0.246;0.068427695
733;295.234;0.247;0.068697533
734;295.234;0.249;0.069264815
735;294.685;0.248;0.068979183
736;295.234;0.247;0.068690449
737;295.234;0.247;0.068702417
738;295.234;0.245;0.068146599
739;295.234;0.246;0.068425297
740;295.234;0.245;0.068132204
741;295.234;0.245;0.068146122
742;294.685;0.244;0.067870489
743;295.234;0.244;0.067864577
744;295.234;0.245;0.06814387
745;296.333;0.246;0.068426873
746;295.234;0.245;0.068138548
747;295.784;0.245;0.068136775
748;294.685;0.245;0.068149329
749;294.685;0.244;0.067870557
750;294.685;0.244;0.067859073
751;295.234;0.244;0.067868314
752;295.234;0.245;0.068138344
753;295.234;0.245;0.068136638
754;295.234;0.246;0.068411185
755;295.784;0.247;0.068688867
756;295.234;0.246;0.068408925
757;295.234;0.246;0.068416802
758;295.234;0.247;0.06869148
759;295.234;0.247;0.068690655
760;295.234;0.247;0.068703036
761;294.685;0.247;0.06869994
762;295.784;0.247;0.068697051
763;295.234;0.247;0.068703999
764;296.333;0.246;0.068424954
765;295.234;0.245;0.068140117
766;295.234;0.246;0.068423721
767;295.234;0.246;0.068409062
768;295.234;0.248;0.068978837
769;295.234;0.248;0.068979804
770;295.234;0.248;0.068966821
771;295.234;0.246;0.068418925
772;295.234;0.247;0.068698977
773;295.234;0.247;0.068698564
774;295.234;0.245;0.06813541
775;295.234;0.247;0.068685016
776;296.333;0.248;0.068968064
777;295.234;0.248;0.06898015
778;295.234;0.247;0.068688661
779;295.784;0.247;0.068696363
780;294.685;0.246;0.068412281
781;295.234;0.247;0.068701178
782;295.234;0.247;0.068691962
783;295.234;0.248;0.068965095
784;295.234;0.248;0.068978768
785;295.234;0.25;0.069532403
786;295.234;0.249;0.06925573
787;295.234;0.249;0.069255522
788;294.685;0.247;0.06869203
789;295.234;0.247;0.068698908
790;295.234;0.247;0.068698977
791;295.234;0.247;0.068700009
792;296.333;0.246;0.068407008
793;295.234;0.247;0.068692856
794;295.234;0.246;0.068422351
795;295.234;0.245;0.068129203
796;295.234;0.245;0.068129544
797;294.685;0.245;0.068131113
798;295.234;0.245;0.068135137
799;295.234;0.243;0.067570341
800;295.234;0.234;0.065082068
801;295.234;0.242;0.067303525
802;295.234;0.242;0.067305075
803;294.685;0.243;0.067580082
804;295.234;0.243;0.06758536
805;295.784;0.243;0.067572235
806;295.234;0.244;0.06785031
807;295.784;0.245;0.068132682
808;295.234;0.245;0.068139367
809;295.234;0.245;0.068139708
810;295.234;0.244;0.067856967
811;295.234;0.243;0.067578256
812;295.234;0.244;0.067857374
813;295.234;0.244;0.067855472
814;295.234;0.245;0.068133227
815;295.234;0.246;0.068408857
816;295.234;0.245;0.068130636
817;295.234;0.245;0.068139435
818;295.234;0.245;0.068142301
819;295.234;0.247;0.068696501
820;295.234;0.247;0.06868261
821;295.784;0.248;0.06897566
822;295.234;0.248;0.068975453
823;295.234;0.247;0.068689692
824;295.234;0.248;0.068958951
825;295.234;0.248;0.068967788
826;295.234;0.247;0.068693543
827;295.234;0.245;0.068124293
828;294.685;0.246;0.068403036
829;295.234;0.247;0.068680203
830;295.234;0.245;0.068139026
831;295.234;0.246;0.068418035
832;295.234;0.247;0.068685773
833;295.234;0.247;0.068681097
834;295.234;0.246;0.068407624
835;295.234;0.245;0.068130226
836;295.234;0.246;0.068416117
837;295.234;0.245;0.068138344
838;295.234;0.244;0.067853027
839;295.784;0.245;0.068123611
840;294.685;0.246;0.068403036
841;295.234;0.246;0.068399613
842;295.234;0.246;0.068413035
843;295.234;0.245;0.068136979
844;295.234;0.245;0.068122929
845;295.234;0.244;0.067860364
846;295.234;0.244;0.06785785
847;295.234;0.246;0.06840872
848;295.234;0.246;0.068399613
849;295.234;0.245;0.068130431
850;295.234;0.246;0.068409747
851;295.234;0.247;0.068678691
852;295.234;0.246;0.068407282
853;295.234;0.246;0.068400571
854;295.234;0.246;0.068398928
855;295.234;0.245;0.068128521
856;295.234;0.245;0.068129885
857;295.234;0.245;0.068136434
858;295.234;0.244;0.067844808
859;294.685;0.244;0.067845216
860;295.234;0.244;0.067847389
861;295.234;0.245;0.068137184
862;295.234;0.244;0.067848951
863;295.234;0.242;0.067285673
864;294.685;0.242;0.067293621
865;295.234;0.242;0.06730056
866;294.685;0.242;0.067290792
867;295.234;0.242;0.067287424
868;295.234;0.242;0.067288906
869;295.234;0.243;0.067562901
870;295.234;0.243;0.067578188
871;295.234;0.243;0.067580894
872;295.234;0.243;0.067569326
873;295.234;0.244;0.067854997
874;295.234;0.243;0.06756865
875;295.234;0.244;0.067854793
876;295.234;0.245;0.068119656
877;295.234;0.245;0.06813009
878;295.234;0.246;0.068405433
879;295.234;0.247;0.068687835
880;295.234;0.245;0.068119247
881;295.234;0.245;0.068131318
882;295.234;0.245;0.068134182
883;295.234;0.244;0.067845691
884;295.234;0.244;0.067848408
885;295.234;0.246;0.068408172
886;295.234;0.248;0.068951635
887;295.234;0.247;0.06867381
888;295.234;0.247;0.06867601
889;295.234;0.246;0.068404885
890;295.234;0.245;0.068119588
891;295.234;0.244;0.06783958
892;295.234;0.246;0.068398312
893;295.234;0.245;0.068125111
894;294.685;0.245;0.068122384
895;295.234;0.246;0.068410226
896;295.234;0.246;0.068410569
897;295.234;0.246;0.068403515
898;294.685;0.244;0.067852891
899;294.685;0.245;0.068128248
900;295.234;0.245;0.068116724
901;295.234;0.244;0.067840191
902;295.234;0.245;0.06813009
903;295.234;0.246;0.068408172
904;295.234;0.246;0.06840961
905;295.234;0.245;0.068130772
906;295.234;0.246;0.068409062
907;295.234;0.246;0.068397148
908;295.234;0.245;0.068121906
909;295.234;0.245;0.068114611
910;295.234;0.245;0.068123066
911;295.234;0.246;0.06840646
912;295.234;0.245;0.068115565
913;295.234;0.246;0.068395573
914;295.234;0.247;0.068686666
915;295.784;0.246;0.068402283
916;295.234;0.245;0.068122725
917;295.234;0.246;0.068403036
918;295.234;0.244;0.067836253
919;295.234;0.243;0.067558438
920;295.234;0.243;0.067573926
921;295.234;0.244;0.067836117
922;295.234;0.245;0.068126884
923;295.784;0.245;0.068123202
924;295.234;0.246;0.068407624
925;295.234;0.246;0.06839927
926;295.234;0.246;0.068398723
927;295.234;0.244;0.067846031
928;295.234;0.244;0.067842975
929;295.234;0.244;0.067838018
930;295.234;0.244;0.067849631
931;295.234;0.243;0.067559993
932;295.234;0.244;0.067843518
933;295.234;0.243;0.067559249
934;295.234;0.244;0.067843994
935;295.234;0.245;0.068114952
936;295.234;0.246;0.06840646
937;295.234;0.246;0.068392287
938;295.234;0.246;0.06840598
939;295.234;0.246;0.068406939
940;295.234;0.246;0.068391603
941;295.234;0.245;0.068126816
942;295.234;0.246;0.068405638
943;295.234;0.246;0.068405638
944;295.234;0.245;0.068113316
945;295.234;0.245;0.068120474
946;294.685;0.244;0.067848815
947;295.234;0.245;0.068119793
948;295.234;0.244;0.067837543
949;295.234;0.245;0.068127498
950;295.234;0.245;0.06811652
951;295.234;0.243;0.067568514
952;295.234;0.244;0.06783408
953;295.234;0.245;0.068120133
954;295.234;0.244;0.067834555
955;295.234;0.244;0.067840191
956;295.234;0.247;0.068680891
957;295.234;0.247;0.068668655
958;295.234;0.247;0.068667281
959;295.234;0.247;0.068666181
960;295.234;0.247;0.068667281
961;295.234;0.246;0.068404063
962;295.234;0.244;0.067835574
963;295.234;0.245;0.068110316
964;295.234;0.246;0.068388591
965;295.234;0.248;0.068957364
966;295.234;0.247;0.068666594
967;295.234;0.248;0.068949357
968;295.234;0.247;0.068674979
969;295.234;0.246;0.06839838
970;295.234;0.247;0.068665013
971;295.234;0.247;0.068682128
972;294.685;0.246;0.068391671
973;295.234;0.245;0.068126202
974;295.234;0.246;0.068402694
975;295.234;0.246;0.068387702
976;295.234;0.244;0.067838154
977;295.234;0.244;0.067833944
978;295.234;0.244;0.067832315
979;295.234;0.245;0.068108817
980;295.234;0.246;0.068400229
981;295.234;0.246;0.068388044
982;295.234;0.244;0.067832858
983;295.234;0.242;0.067289377
984;295.234;0.242;0.0672784
985;295.234;0.243;0.067554516
986;295.234;0.244;0.067838154
987;295.234;0.244;0.067833605
988;295.234;0.246;0.068401324
989;295.234;0.246;0.068401804
990;295.234;0.246;0.068390987
991;295.234;0.246;0.068390987
992;295.234;0.246;0.068401461
993;295.234;0.246;0.068392014
994;295.234;0.246;0.068388591
995;295.234;0.247;0.068667418
996;295.234;0.246;0.068388865
997;295.234;0.246;0.06839749
998;295.234;0.245;0.068122588
999;295.234;0.246;0.06838955
1000;295.234;0.245;0.068109021
1001;295.234;0.245;0.06811427
1002;295.234;0.247;0.068679516
1003;295.234;0.247;0.068668587
1004;295.234;0.247;0.06867931
1005;295.234;0.247;0.068669618
1006;295.234;0.248;0.06894363
1007;295.234;0.248;0.068957571
1008;295.234;0.246;0.068395642
1009;295.234;0.245;0.068112634
1010;295.234;0.244;0.067830821
1011;295.234;0.246;0.068399613
1012;295.234;0.246;0.068398517
1013;295.234;0.245;0.06811277
1014;295.234;0.245;0.068120338
1015;295.234;0.245;0.068106636
1016;295.234;0.244;0.067842839
1017;295.234;0.244;0.067837271
1018;294.685;0.244;0.067835913
1019;295.234;0.245;0.068112634
1020;295.234;0.247;0.068671405
1021;294.685;0.247;0.068663295
1022;295.234;0.246;0.068398312
1023;295.234;0.245;0.068105409
1024;295.234;0.246;0.068391808
1025;294.685;0.246;0.068392835
1026;295.234;0.244;0.067842432
1027;294.685;0.245;0.068119793
1028;295.234;0.246;0.068390987
1029;295.234;0.246;0.068391603
1030;295.234;0.246;0.068398517
1031;295.234;0.247;0.068675735
1032;295.234;0.246;0.068390097
1033;295.234;0.245;0.068119997
1034;295.234;0.246;0.068397285
1035;295.234;0.246;0.068383869
1036;295.234;0.244;0.067832587
1037;295.234;0.244;0.067828106
1038;295.234;0.245;0.068105
1039;295.234;0.245;0.068113316
1040;295.234;0.244;0.067833537
1041;295.234;0.244;0.067842296
1042;295.234;0.246;0.068386264
1043;295.234;0.245;0.068108612
1044;295.234;0.245;0.068106295
1045;295.234;0.246;0.068396669
1046;295.234;0.245;0.068115497
1047;295.234;0.245;0.068115497
1048;295.234;0.244;0.067837543
1049;295.234;0.245;0.068113929
1050;295.234;0.245;0.068114338
1051;295.234;0.245;0.068116043
1052;295.234;0.246;0.068394273
1053;295.234;0.246;0.068388318
1054;295.234;0.245;0.06810834
1055;295.234;0.245;0.068111066
1056;295.234;0.244;0.067825391
1057;295.234;0.242;0.067283113
1058;295.234;0.242;0.067274495
1059;295.234;0.242;0.067282979
1060;295.234;0.244;0.067841209
1061;295.234;0.243;0.067558438
1062;295.234;0.244;0.067840055
1063;295.234;0.245;0.068107317
1064;295.234;0.246;0.068387359
1065;295.234;0.246;0.068385306
1066;295.234;0.246;0.068396326
1067;295.234;0.247;0.068660959
1068;295.234;0.247;0.068659585
1069;295.234;0.246;0.068392972
1070;295.234;0.246;0.068390918
1071;295.784;0.246;0.068394067
1072;295.234;0.243;0.067548703
1073;295.234;0.244;0.067830278
1074;295.234;0.244;0.067830482
1075;295.784;0.245;0.068107249
1076;295.234;0.245;0.068105
1077;295.234;0.246;0.06838647
1078;295.234;0.246;0.068379968
1079;295.234;0.244;0.067822676
1080;295.234;0.243;0.067545323
1081;295.234;0.244;0.067833401
1082;295.234;0.244;0.067836999
1083;295.234;0.244;0.067822337
1084;295.234;0.243;0.067546675
1085;295.234;0.245;0.068108953
1086;295.234;0.245;0.068106295
1087;295.234;0.245;0.068103023
1088;295.234;0.246;0.068384759
1089;295.234;0.247;0.068673329
1090;295.234;0.247;0.068672092
1091;295.234;0.246;0.068383322
1092;295.234;0.246;0.068379079
1093;295.784;0.245;0.068107317
1094;295.234;0.244;0.067821794
1095;295.784;0.245;0.068099752
1096;294.685;0.244;0.067830278
1097;295.234;0.244;0.067825527
1098;295.234;0.244;0.067826409
1099;295.234;0.243;0.067559114
1100;295.784;0.245;0.068114679
1101;292.488;0.244;0.06783666
1102;291.938;0.244;0.06782607
1103;266.119;0.241;0.066991942
1104;269.415;0.237;0.065881361
1105;224.918;0.241;0.067002603
1106;217.776;0.256;0.071161778
1107;205.141;0.223;0.061996025
1108;196.351;0.196;0.054485308
1109;166.687;0.169;0.046986168
1110;174.927;0.149;0.041418379
1111;124.387;0.134;0.037250495
1112;137.571;0.12;0.033357818
1113;115.597;0.111;0.030860491
1114;-0.865;0.101;0.028077315
1115;0.233;0.091;0.025299738
1116;0.783;0.083;0.023074315
1117;-0.316;0.083;0.02307196
1118;0.783;0.084;0.023352062
1119;0.233;0.082;0.022798022
1120;0.233;0.068;0.018903388
1121;0.233;0.063;0.017513924
1122;-0.865;0.061;0.016958435
1123;-0.865;0.059;0.016400304
1124;-0.865;0.057;0.015847834
1125;-0.316;0.061;0.016955618
1126;0.233;0.058;0.016121945
1127;0.783;0.056;0.015569054
1128;0.233;0.056;0.015568633
1129;-0.865;0.056;0.015568945
1130;-0.316;0.057;0.01584785
1131;0.233;0.057;0.015847152
1132;-0.865;0.058;0.016125027
1133;-0.865;0.056;0.015566281
1134;0.233;0.055;0.015290576
1135;0.233;0.055;0.015291617
1136;0.233;0.055;0.015289612
1137;0.233;0.054;0.015012265
1138;-225;0.057;0.015844044
1139;-225;0.058;0.016125382
1140;-225;0.063;0.017515519
1141;-225;0.066;0.018349444
1142;-225;0.062;0.017235476
1143;-225;0.06;0.016681563
1144;-225;0.06;0.016678191
1145;-225;0.059;0.016402618
1146;-225;0.06;0.016678692
1147;-1.415;0.059;0.016402503
1148;2.431;0.059;0.016402257
1149;39.237;0.059;0.016402667
1150;78.791;0.059;0.016400468
1151;96.37;0.057;0.015845297
1152;109.554;0.056;0.015566701
1153;111.202;0.058;0.01612564
1154;118.893;0.059;0.016400796
1155;169.433;0.058;0.016121816
1156;144.163;0.059;0.016403734
1157;213.381;0.059;0.016399942
1158;209.536;0.057;0.015845043
1159;255.681;0.058;0.016125382
1160;265.569;0.059;0.016402339
1161;261.175;0.132;0.036698705
1162;274.359;0.127;0.035303867
1163;267.767;0.149;0.041426421
1164;274.359;0.169;0.046986403
1165;275.458;0.19;0.052822254
1166;278.205;0.204;0.056713909
1167;283.149;0.217;0.06032785
1168;283.698;0.227;0.063109956
1169;284.247;0.233;0.064777931
1170;283.698;0.242;0.067274831
1171;282.599;0.245;0.068114134
1172;285.346;0.251;0.069777626
1173;286.994;0.254;0.070614165
1174;288.093;0.257;0.071446904
1175;289.192;0.259;0.072003848
1176;289.192;0.262;0.07283488
1177;289.192;0.264;0.073396822
1178;289.192;0.265;0.073660021
1179;288.642;0.267;0.074220031
1180;290.84;0.277;0.076993027
1181;289.741;0.279;0.077552813
1182;290.84;0.276;0.076720294
1183;291.938;0.276;0.076721446
1184;291.938;0.274;0.076165493
1185;291.938;0.273;0.075884859
1186;291.938;0.271;0.075324177
1187;293.586;0.27;0.075053588
1188;291.938;0.27;0.075048632
1189;292.488;0.269;0.074769177
1190;294.136;0.269;0.074775762
1191;294.136;0.268;0.074507179
1192;294.136;0.267;0.074213644
1193;293.586;0.266;0.073940203
1194;293.586;0.266;0.073938724
1195;294.136;0.267;0.074216912
1196;295.234;0.267;0.074229168
1197;294.685;0.266;0.073938946
1198;294.685;0.266;0.073950786
1199;294.685;0.268;0.074492045
1200;295.784;0.268;0.074505763
1201;295.234;0.267;0.074225973
1202;294.685;0.268;0.07450457
1203;295.784;0.268;0.074499127
1204;295.234;0.268;0.074490554
1205;294.685;0.269;0.074773517
1206;295.234;0.268;0.074489958
1207;294.685;0.27;0.075043525
1208;295.234;0.267;0.074209783
1209;294.685;0.279;0.077561273
1210;295.234;0.279;0.077561273
1211;295.784;0.277;0.077006974
1212;295.234;0.275;0.076434979
1213;295.234;0.273;0.075877418
1214;294.685;0.271;0.075324328
1215;295.234;0.27;0.075058921
1216;295.234;0.272;0.075609389
1217;295.234;0.271;0.075334052
1218;294.685;0.269;0.074772769
1219;295.234;0.269;0.074777109
1220;294.685;0.269;0.074777483
1221;295.234;0.268;0.074493908
1222;295.234;0.267;0.074216095
1223;295.234;0.266;0.073947085
1224;295.234;0.266;0.073933915
1225;296.333;0.266;0.073947307
1226;295.234;0.266;0.073937836
1227;295.784;0.267;0.074219808
1228;295.234;0.264;0.073377653
1229;295.234;0.263;0.073099123
1230;294.685;0.264;0.073388007
1231;294.685;0.264;0.073387787
1232;296.333;0.265;0.073667098
1233;295.234;0.264;0.07338015
1234;295.234;0.264;0.073383528
1235;294.685;0.265;0.07366872
1236;295.234;0.266;0.073946345
1237;295.234;0.268;0.074503078
1238;295.234;0.267;0.074224339
1239;294.685;0.265;0.073665181
1240;294.685;0.266;0.073931769
1241;295.234;0.266;0.07393569
1242;294.685;0.265;0.073667246
1243;295.234;0.266;0.073942793
1244;295.234;0.266;0.073943385
1245;294.685;0.266;0.07393495
1246;295.234;0.265;0.073665255
1247;295.234;0.265;0.073670637
1248;295.234;0.264;0.073390358
1249;295.234;0.265;0.073656705
1250;295.234;0.263;0.073110681
1251;295.234;0.261;0.072543091
1252;294.685;0.262;0.072822418
1253;295.234;0.262;0.072820596
1254;295.234;0.261;0.072555432
1255;295.234;0.262;0.072827956
1256;295.234;0.264;0.073376479
1257;295.234;0.263;0.073096343
1258;294.685;0.263;0.073112949
1259;295.234;0.265;0.073660537
1260;295.234;0.266;0.073933693
1261;295.234;0.265;0.073667835
1262;295.234;0.265;0.073666656
1263;295.234;0.265;0.073653536
1264;295.784;0.267;0.074211416
1265;295.234;0.266;0.073931399
1266;296.333;0.265;0.073660242
1267;295.234;0.266;0.073944717
1268;295.234;0.266;0.073938206
1269;295.234;0.265;0.073667024
1270;295.234;0.265;0.073664665
1271;295.234;0.266;0.07393495
1272;295.234;0.264;0.073386612
1273;296.333;0.267;0.074209708
1274;295.234;0.266;0.073932213
1275;295.234;0.265;0.073669236
1276;295.234;0.265;0.073664223
1277;294.685;0.266;0.073933841
1278;294.685;0.266;0.073928663
1279;295.234;0.267;0.07421149
1280;295.234;0.266;0.073945383
1281;295.234;0.267;0.074220551
1282;295.234;0.266;0.073935024
1283;295.234;0.265;0.073665255
1284;295.234;0.264;0.073388522
1285;295.234;0.265;0.073659653
1286;294.685;0.265;0.073653093
1287;295.234;0.266;0.073938354
1288;295.234;0.266;0.073927701
1289;295.234;0.265;0.073663707
1290;295.234;0.263;0.073094149
1291;295.234;0.263;0.073100366
1292;295.234;0.262;0.072817463
1293;295.234;0.263;0.073102926
1294;295.234;0.263;0.073109218
1295;295.234;0.265;0.073664297
1296;295.234;0.264;0.073372808
1297;295.234;0.265;0.073666287
1298;295.234;0.266;0.073933693
1299;294.685;0.266;0.073933841
1300;295.234;0.267;0.074206441
1301;295.234;0.268;0.074483623
1302;295.234;0.267;0.074216837
1303;295.234;0.267;0.074217283
1304;294.685;0.267;0.074220402
1305;295.234;0.267;0.074204288
1306;294.685;0.267;0.074205625
1307;295.234;0.267;0.074214238
1308;295.234;0.266;0.073927405
1309;295.234;0.266;0.073927183
1310;295.234;0.266;0.073942793
1311;295.234;0.265;0.073657368
1312;295.234;0.264;0.073371927
1313;295.234;0.265;0.073664297
1314;295.234;0.266;0.073943385
1315;295.234;0.267;0.074209783
1316;294.685;0.266;0.073941091
1317;295.234;0.266;0.073932435
1318;295.234;0.266;0.073943755
1319;295.234;0.265;0.073652062
1320;294.685;0.266;0.073929624
1321;295.234;0.267;0.074214981
1322;295.234;0.266;0.073943163
1323;295.234;0.266;0.073926961
1324;295.234;0.265;0.073664297
1325;295.234;0.265;0.07366356
1326;295.234;0.264;0.073377213
1327;295.234;0.266;0.073926
1328;295.234;0.266;0.07393643
1329;294.685;0.265;0.073664223
1330;295.784;0.265;0.07366238
1331;295.234;0.267;0.074218545
1332;295.234;0.268;0.074497114
1333;295.234;0.266;0.073924742
1334;295.234;0.267;0.074208966
1335;295.234;0.268;0.074498754
1336;295.234;0.268;0.074494057
1337;295.234;0.267;0.07420414
1338;295.234;0.267;0.07420904
1339;295.234;0.268;0.074482654
1340;295.234;0.267;0.07420659
1341;295.234;0.268;0.074497785
1342;295.234;0.268;0.074485113
1343;295.234;0.27;0.075043
1344;295.234;0.268;0.074483772
1345;295.234;0.267;0.07420607
1346;295.234;0.267;0.074220625
1347;294.685;0.266;0.073941535
1348;295.234;0.265;0.073654862
1349;295.234;0.267;0.074219288
1350;295.234;0.266;0.073928515
1351;295.234;0.266;0.073929032
1352;295.234;0.266;0.073940573
1353;295.234;0.266;0.073941905
1354;295.234;0.267;0.074205328
1355;295.234;0.265;0.073662012
1356;294.685;0.266;0.073925704
1357;295.234;0.267;0.074209931
1358;295.234;0.266;0.073931991
1359;295.234;0.264;0.073373322
1360;295.234;0.264;0.073368183
1361;295.234;0.264;0.073380737
1362;294.685;0.265;0.073647714
1363;295.234;0.264;0.073383381
1364;295.234;0.265;0.073645872
1365;295.234;0.264;0.073370973
1366;295.234;0.263;0.073091736
1367;295.234;0.264;0.073375745
1368;295.234;0.263;0.073102561
1369;295.234;0.263;0.073089542
1370;295.234;0.264;0.073382793
1371;295.234;0.266;0.073925482
1372;295.234;0.266;0.07392489
1373;295.234;0.266;0.073940721
1374;295.234;0.266;0.073926739
1375;295.234;0.266;0.073936652
1376;295.234;0.265;0.073645725
1377;295.234;0.265;0.073656852
1378;295.234;0.265;0.073659063
1379;294.685;0.265;0.073652578
1380;295.234;0.264;0.073384262
1381;295.234;0.264;0.073380958
1382;295.234;0.265;0.073649261
1383;295.234;0.266;0.073932805
1384;295.234;0.266;0.073937836
1385;295.784;0.266;0.073923041
1386;295.234;0.266;0.07392563
1387;295.234;0.265;0.073649777
1388;294.685;0.266;0.073924373
1389;295.234;0.268;0.074490107
1390;295.234;0.267;0.074200428
1391;294.685;0.266;0.07392526
1392;295.234;0.267;0.07420169
1393;295.234;0.267;0.074203249
1394;295.234;0.265;0.073644398
1395;295.234;0.266;0.073921414
1396;295.234;0.267;0.074214015
1397;295.234;0.265;0.073645356
1398;295.234;0.265;0.07364403
1399;295.234;0.265;0.073649261
1400;295.234;0.265;0.073656631
1401;295.234;0.266;0.073923189
1402;295.234;0.266;0.073930882
1403;295.234;0.267;0.074211268
1404;295.234;0.266;0.073937984
1405;295.234;0.264;0.07338059
1406;295.234;0.263;0.073099123
1407;295.234;0.264;0.073381472
1408;295.234;0.264;0.073384115
1409;295.234;0.264;0.073367229
1410;295.234;0.264;0.073368917
1411;295.234;0.264;0.073382793
1412;295.234;0.263;0.073089323
1413;295.234;0.265;0.073652062
1414;295.234;0.265;0.073661127
1415;295.234;0.265;0.073644546
1416;295.234;0.265;0.073644619
1417;295.234;0.264;0.073372441
1418;295.234;0.263;0.07310278
1419;295.234;0.263;0.07310395
1420;295.234;0.264;0.073379783
1421;295.234;0.264;0.073370899
1422;295.234;0.263;0.073090785
1423;295.234;0.262;0.072813675
1424;295.234;0.263;0.073093418
1425;295.234;0.263;0.07309393
1426;295.234;0.264;0.073382573
1427;295.234;0.264;0.073367816
1428;295.234;0.266;0.07392881
1429;295.234;0.266;0.073939611
1430;294.685;0.265;0.073643441
1431;295.234;0.265;0.073654862
1432;295.234;0.266;0.073935394
1433;295.234;0.264;0.073365174
1434;295.234;0.265;0.073643146
1435;295.234;0.266;0.073929772
1436;295.234;0.265;0.073657221
1437;295.234;0.265;0.073659432
1438;295.234;0.265;0.0736598
1439;294.685;0.266;0.073931251
1440;295.234;0.265;0.073656999
1441;295.234;0.265;0.073643146
1442;295.234;0.266;0.073935912
1443;295.234;0.266;0.073932953
1444;295.234;0.266;0.073923855
1445;295.234;0.266;0.073920675
1446;295.234;0.268;0.07447565
1447;295.234;0.268;0.07448638
1448;295.234;0.267;0.074212976
1449;295.234;0.267;0.074209708
1450;295.234;0.267;0.074216095
1451;295.234;0.266;0.073919566
1452;295.234;0.267;0.074210377
1453;295.234;0.267;0.074211268
1454;295.234;0.266;0.073931769
1455;295.234;0.265;0.073658842
1456;295.234;0.265;0.073642335
1457;295.234;0.267;0.074200948
1458;295.234;0.267;0.074201913
1459;295.234;0.266;0.073933471
1460;295.234;0.265;0.073656852
1461;295.234;0.266;0.073925852
1462;295.234;0.266;0.073919566
1463;295.234;0.265;0.073655968
1464;295.234;0.265;0.073642041
1465;295.234;0.264;0.073382059
1466;295.234;0.264;0.073380223
1467;295.234;0.264;0.073380223
1468;295.234;0.265;0.073642556
1469;295.234;0.265;0.073642409
1470;295.234;0.265;0.073642041
1471;295.234;0.266;0.073931251
1472;295.234;0.267;0.074215203
1473;295.234;0.267;0.074195974
1474;295.234;0.268;0.07447416
1475;295.234;0.268;0.074491821
1476;295.234;0.266;0.073921562
1477;295.234;0.267;0.074206219
1478;295.234;0.267;0.074198869
1479;295.234;0.266;0.073923781
1480;295.234;0.265;0.073656484
1481;294.685;0.265;0.073644398
1482;295.234;0.265;0.073642704
1483;295.234;0.264;0.073381325
1484;295.234;0.265;0.073656705
1485;295.234;0.265;0.073652725
1486;295.234;0.266;0.073927775
1487;295.234;0.266;0.073919492
1488;295.234;0.267;0.074209708
1489;295.234;0.267;0.074196716
1490;295.234;0.268;0.074487349
1491;295.234;0.266;0.073932435
1492;295.234;0.266;0.073933693
1493;295.234;0.267;0.074196494
1494;295.234;0.267;0.074203991
1495;295.234;0.267;0.074215426
1496;295.784;0.267;0.07419924
1497;295.784;0.266;0.073920823
1498;295.234;0.266;0.073925334
1499;295.234;0.267;0.074214461
1500;295.234;0.268;0.07449033
1501;295.234;0.267;0.074204511
1502;295.234;0.266;0.073918752
1503;295.234;0.265;0.073642188
1504;295.234;0.265;0.073659063
1505;295.234;0.264;0.07336466
1506;295.234;0.264;0.073376479
1507;295.234;0.265;0.073653167
1508;295.234;0.266;0.07393103
1509;295.234;0.267;0.074215129
1510;295.234;0.268;0.074474309
1511;295.234;0.268;0.074479822
1512;295.234;0.267;0.07421149
1513;295.234;0.267;0.074195974
1514;295.234;0.267;0.074198127
1515;307.869;0.264;0.073375891
1516;261.175;0.263;0.073085448
1517;278.205;0.257;0.071436108
1518;232.608;0.254;0.070589933
1519;252.385;0.248;0.068918317
1520;219.424;0.24;0.066693611
1521;188.661;0.233;0.064763282
1522;183.716;0.224;0.06224737
1523;166.137;0.212;0.058923064
1524;142.515;0.202;0.056133677
1525;124.936;0.192;0.053354889
1526;126.035;0.183;0.050854692
1527;96.37;0.172;0.047808519
1528;90.327;0.186;0.051688634
1529;82.636;0.198;0.055036379
1530;74.396;0.173;0.048086716
1531;57.915;0.152;0.04224402
1532;50.224;0.139;0.038635606
1533;53.52;0.125;0.034742234
1534;42.533;0.115;0.03196551
1535;45.28;0.105;0.029180294
1536;30.997;0.098;0.027240501
1537;0.233;0.09;0.025016786
1538;0.783;0.082;0.022790495
1539;0.233;0.079;0.021956081
1540;-0.865;0.083;0.023068705
1541;0.233;0.075;0.020846967
1542;-0.316;0.068;0.018898867
1543;0.233;0.065;0.018063214
1544;0.233;0.066;0.018343789
1545;0.233;0.065;0.018064877
1546;0.233;0.064;0.017786582
1547;0.783;0.064;0.017789857
1548;0.233;0.061;0.016952616
1549;0.233;0.06;0.016675221
1550;0.233;0.059;0.016397908
1551;-225;0.061;0.016955364
1552;-225;0.06;0.016677157
1553;-225;0.061;0.016952717
1554;-225;0.061;0.016955262
1555;-225;0.06;0.016677791
1556;-225;0.06;0.016676272
1557;-225;0.06;0.016676005
1558;-225;0.062;0.017230665
1559;-225;0.059;0.016399122
1560;-225;0.058;0.016120961
1561;-225;0.057;0.01584406
1562;-225;0.057;0.01584249
1563;-225;0.055;0.015285222
1564;-225;0.054;0.015008705
1565;-225;0.054;0.0150086
1566;-225;0.054;0.015006813
1567;-225;0.054;0.015009516
1568;-225;0.058;0.016119171
1569;-225;0.04;0.011116225
1570;-225;0.049;0.013618506
1571;-225;0.049;0.013618206
1572;-225;0.051;0.014176151
1573;-225;0.051;0.014174789
1574;-225;0.052;0.014453999
1575;-225;0.053;0.014730737
1576;-225;0.056;0.015565689
1577;-0.865;0.056;0.015565346
1578;10.122;0.055;0.015287699
1579;54.07;0.057;0.015840303
1580;44.181;0.057;0.015842649
1581;90.327;0.057;0.015840176
1582;113.4;0.057;0.015840683
1583;111.202;0.057;0.01584398
1584;136.472;0.057;0.015841333
1585;160.644;0.057;0.015844044
1586;179.871;0.059;0.016397169
1587;200.746;0.058;0.016122058
1588;250.188;0.057;0.015841825
1589;218.325;0.057;0.015843774
1590;273.26;0.056;0.015562325
1591;265.02;0.058;0.01611909
1592;275.458;0.057;0.015840778
1593;276.007;0.057;0.015842855
1594;270.514;0.045;0.01250773
1595;277.106;0.137;0.038079774
1596;280.402;0.13;0.036128525
1597;277.655;0.17;0.047242867
1598;279.303;0.193;0.053644961
1599;284.247;0.226;0.06281201
1600;284.247;0.248;0.068924937
1601;285.895;0.267;0.074214238
1602;285.895;0.28;0.077819411
1603;286.445;0.294;0.081711281
1604;288.642;0.303;0.084199589
1605;288.093;0.312;0.086718958
1606;286.994;0.318;0.088370449
1607;290.29;0.324;0.090041149
1608;288.093;0.329;0.091428112
1609;290.29;0.331;0.091983721
1610;290.84;0.334;0.092834035
1611;292.488;0.338;0.093923547
1612;290.29;0.338;0.0939383
1613;290.84;0.34;0.094490083
1614;291.938;0.344;0.095604314
1615;291.938;0.345;0.095880602
1616;292.488;0.347;0.096424662
1617;294.136;0.347;0.096428907
1618;291.938;0.348;0.096716959
1619;292.488;0.348;0.096724992
1620;293.586;0.349;0.096981006
1621;292.488;0.35;0.097278936
1622;295.234;0.348;0.09672325
1623;294.136;0.347;0.096431319
1624;294.136;0.35;0.097264435
1625;293.586;0.35;0.097260543
1626;294.136;0.351;0.097556876
1627;295.234;0.351;0.097546042
1628;294.136;0.351;0.097556388
1629;295.784;0.351;0.097556583
1630;295.234;0.351;0.09754731
1631;295.234;0.351;0.097541943
1632;294.685;0.352;0.097834326
1633;295.234;0.352;0.097812599
1634;294.685;0.352;0.097813578
1635;295.234;0.351;0.09753482
1636;295.234;0.352;0.097822189
1637;295.234;0.353;0.098112559
1638;295.234;0.354;0.098373371
1639;295.234;0.354;0.098372781
1640;295.234;0.355;0.098655309
1641;294.685;0.363;0.100890336
1642;295.234;0.361;0.100314493
1643;295.784;0.359;0.09975604
1644;295.234;0.357;0.099222728
1645;295.234;0.356;0.098924898
1646;295.784;0.354;0.098374552
1647;295.234;0.355;0.098662909
1648;294.685;0.355;0.098646525
1649;295.234;0.355;0.098645242
1650;294.685;0.355;0.09866666
1651;295.784;0.355;0.098652446
1652;295.234;0.354;0.098373371
1653;295.784;0.353;0.098111479
1654;295.234;0.354;0.098389415
1655;295.234;0.354;0.098372092
1656;295.234;0.353;0.098100682
1657;295.234;0.351;0.09753482
1658;295.784;0.353;0.098096756
1659;295.234;0.352;0.097835109
1660;295.784;0.354;0.098371206
1661;295.234;0.353;0.098100191
1662;295.234;0.355;0.098656888
1663;295.784;0.356;0.098943308
1664;295.234;0.356;0.098945585
1665;294.685;0.355;0.098658665
1666;295.234;0.356;0.098922424
1667;295.234;0.355;0.098653532
1668;295.234;0.352;0.097826495
1669;295.234;0.349;0.096977126
1670;295.234;0.347;0.096436625
1671;296.333;0.353;0.098093321
1672;294.685;0.355;0.098660935
1673;295.234;0.359;0.099774105
1674;295.784;0.361;0.100326637
1675;295.234;0.352;0.097833837
1676;295.784;0.351;0.097555119
1677;295.234;0.35;0.097270371
1678;294.685;0.35;0.09726969
1679;295.234;0.349;0.096976544
1680;295.234;0.35;0.097273291
1681;295.784;0.352;0.097819253
1682;295.234;0.352;0.097832075
1683;295.234;0.352;0.097814165
1684;295.234;0.352;0.09781074
1685;295.784;0.351;0.097549067
1686;295.234;0.351;0.097551312
1687;294.685;0.353;0.098104117
1688;295.234;0.352;0.097827866
1689;295.234;0.35;0.097273096
1690;295.234;0.35;0.097274556
1691;295.234;0.35;0.097254413
1692;295.234;0.35;0.097258694
1693;295.234;0.35;0.097253538
1694;295.234;0.35;0.097254219
1695;295.234;0.35;0.097272804
1696;295.234;0.347;0.096422251
1697;295.784;0.348;0.09672083
1698;295.234;0.347;0.096441256
1699;295.234;0.347;0.096427556
1700;295.234;0.347;0.096439809
1701;295.234;0.349;0.096999249
1702;295.234;0.349;0.096981394
1703;295.234;0.348;0.096717927
1704;295.234;0.349;0.096998376
1705;294.685;0.35;0.097263559
1706;295.234;0.348;0.096702543
1707;295.234;0.349;0.09699003
1708;295.234;0.349;0.096982753
1709;295.234;0.349;0.096994979
1710;294.685;0.348;0.096709509
1711;295.234;0.347;0.096419647
1712;295.784;0.348;0.096700705
1713;294.685;0.347;0.096440002
1714;295.234;0.347;0.096438362
1715;295.234;0.348;0.096715992
1716;295.234;0.347;0.096436818
1717;295.234;0.346;0.096158517
1718;295.234;0.347;0.096434502
1719;295.234;0.348;0.096716476
1720;295.234;0.35;0.097267938
1721;295.234;0.351;0.097530332
1722;296.333;0.35;0.097252954
1723;294.685;0.35;0.097253149
1724;295.234;0.35;0.097253441
1725;296.333;0.349;0.096989545
1726;295.234;0.35;0.0972549
1727;295.234;0.35;0.097262586
1728;295.234;0.348;0.096696256
1729;295.234;0.348;0.096698867
1730;295.234;0.349;0.096990321
1731;295.234;0.347;0.096418393
1732;295.234;0.346;0.096159479
1733;295.234;0.347;0.096417718
1734;295.234;0.347;0.096427363
1735;295.234;0.347;0.096441739
1736;295.234;0.346;0.096139376
1737;295.234;0.347;0.096425434
1738;295.234;0.347;0.096419068
1739;294.685;0.348;0.096717056
1740;295.234;0.347;0.096439327
1741;295.234;0.347;0.096430836
1742;295.234;0.348;0.09671067
1743;295.234;0.347;0.09643595
1744;295.234;0.347;0.096434213
1745;295.234;0.349;0.096978581
1746;295.234;0.348;0.096703511
1747;295.234;0.346;0.096149956
1748;295.234;0.349;0.096985566
1749;295.234;0.348;0.096715024
1750;295.234;0.348;0.096699641
1751;295.234;0.348;0.096711347
1752;295.234;0.349;0.096994397
1753;295.234;0.349;0.096973148
1754;294.685;0.348;0.096695482
1755;295.784;0.35;0.097262489
1756;295.234;0.35;0.097262781
1757;295.234;0.35;0.097272609
1758;295.234;0.348;0.096696739
1759;295.234;0.348;0.096715218
1760;295.234;0.348;0.096696062
1761;295.234;0.346;0.096139761
1762;295.234;0.345;0.0958619
1763;295.234;0.345;0.095861037
1764;295.234;0.345;0.095878204
1765;295.234;0.345;0.09588444
1766;295.234;0.346;0.096154573
1767;295.234;0.347;0.096423794
1768;295.234;0.347;0.096431222
1769;295.234;0.349;0.096976253
1770;295.234;0.349;0.096974313
1771;295.234;0.348;0.096718217
1772;295.234;0.347;0.096420322
1773;295.234;0.347;0.09641955
1774;295.234;0.348;0.096698867
1775;295.234;0.347;0.096419165
1776;295.234;0.347;0.096438844
1777;295.234;0.346;0.09615236
1778;295.234;0.347;0.096418875
1779;295.234;0.346;0.096158421
1780;294.685;0.348;0.096702543
1781;295.234;0.347;0.096418393
1782;295.234;0.348;0.096714831
1783;295.234;0.347;0.096427942
1784;295.234;0.348;0.09670622
1785;295.234;0.348;0.096709509
1786;295.234;0.345;0.095883193
1787;295.234;0.346;0.096141492
1788;294.685;0.347;0.096429293
1789;295.234;0.348;0.096716476
1790;295.234;0.347;0.096425724
1791;295.234;0.347;0.096427556
1792;294.685;0.347;0.09643074
1793;295.234;0.346;0.096139761
1794;294.685;0.346;0.096139761
1795;295.234;0.347;0.096416464
1796;295.234;0.348;0.096704575
1797;295.234;0.349;0.096994494
1798;295.234;0.349;0.096984887
1799;294.685;0.349;0.096973925
1800;295.234;0.348;0.096715702
1801;295.234;0.347;0.096417428
1802;295.234;0.347;0.096418586
1803;295.234;0.349;0.096993717
1804;295.234;0.348;0.096707671
1805;295.234;0.347;0.096432959
1806;295.234;0.346;0.096151495
1807;295.234;0.346;0.096150918
1808;295.234;0.347;0.096431319
1809;295.234;0.347;0.096417718
1810;295.234;0.347;0.096431994
1811;294.685;0.346;0.096137357
1812;295.234;0.345;0.095882233
1813;295.234;0.346;0.096162847
1814;295.234;0.346;0.096138799
1815;295.234;0.343;0.095324201
1816;294.685;0.343;0.09532401
1817;295.234;0.344;0.095586334
1818;294.685;0.345;0.09586564
1819;295.234;0.345;0.095863147
1820;295.234;0.346;0.096154765
1821;295.234;0.347;0.096439037
1822;295.234;0.347;0.096419936
1823;295.234;0.346;0.096137934
1824;295.234;0.347;0.0964373
1825;295.234;0.347;0.096416464
1826;295.234;0.347;0.096425627
1827;295.234;0.348;0.096707767
1828;295.234;0.348;0.096705252
1829;295.234;0.347;0.096430065
1830;295.234;0.345;0.095881945
1831;295.234;0.345;0.095863434
1832;295.234;0.346;0.096160441
1833;295.234;0.345;0.095867462
1834;295.234;0.345;0.095882713
1835;295.234;0.345;0.095868517
1836;295.234;0.345;0.095877437
1837;295.234;0.345;0.095859982
1838;294.685;0.346;0.096136491
1839;295.234;0.345;0.095874751
1840;294.685;0.345;0.09586075
1841;295.234;0.343;0.095325727
1842;295.234;0.345;0.095866024
1843;295.234;0.344;0.09560307
1844;295.234;0.344;0.095586239
1845;295.234;0.344;0.09560307
1846;295.234;0.344;0.095584518
1847;294.685;0.345;0.095879355
1848;295.234;0.345;0.095868517
1849;295.234;0.345;0.095872641
1850;294.685;0.345;0.095868038
1851;295.784;0.344;0.09559255
1852;295.234;0.344;0.09560001
1853;295.234;0.345;0.095879547
1854;295.234;0.345;0.095861708
1855;295.234;0.344;0.095603835
1856;295.234;0.345;0.095865256
1857;295.234;0.344;0.095603835
1858;295.234;0.343;0.095307132
1859;295.234;0.342;0.095047238
1860;295.234;0.343;0.095326394
1861;295.234;0.343;0.095305226
1862;295.234;0.342;0.09504353
1863;295.234;0.343;0.095302938
1864;295.234;0.345;0.095859311
1865;295.234;0.345;0.095861229
1866;295.234;0.345;0.095880986
1867;295.234;0.344;0.095585569
1868;295.234;0.344;0.095603549
1869;295.234;0.344;0.095602688
1870;295.234;0.345;0.095861037
1871;295.234;0.345;0.095882425
1872;295.234;0.345;0.095880027
1873;295.234;0.345;0.095872066
1874;295.234;0.343;0.09532544
1875;295.234;0.345;0.095880602
1876;295.234;0.344;0.095582892
1877;295.234;0.343;0.095305321
1878;295.234;0.344;0.095596566
1879;295.234;0.342;0.095036589
1880;295.234;0.342;0.095033167
